"nombre;""rut"";""estado"";""categoria"";""tipo"";""segmentos"";""region"";""comuna"";""telefono"";""dir_comercial"";""dir_despacho"";""contacto_despacho"";""despacho"";""transportadora"";""dir_transportadora"";""compras"";""cobranzas"";""recepcion"";""marcas_propias"";""marcas_competencia"";""vendedor"""
"4TIME SPA;""77289697-2"";""Cliente"";""3"";""Tienda de repuestos"";"""";""Metropolitana"";""Santiago"";""56478978"";""Alameda 2845, Santiago, Metropolitana"";""Alameda 2845, Santiago, Metropolitana"";"""";""Transportadora"";"""";""CHEVALIER"";""DIEGO"";"""";"""";""Ipone"";"""";""Sebastián Agusto"""
"ABRAHAM JOSEPH COLMENARES NIETO;""26176951-4"";""Cliente"";""3"";""Tienda de repuestos"";"""";"""";"""";"""";"""";"""";"""";""Retiro en tienda"";"""";"""";"""";"""";"""";""Ipone"";"""";"""""
"ADAN ESTEBAN CISTERNA GONZALEZ;""14616260-6"";""Cliente"";""3"";""Tienda de repuestos"";"""";""Maule"";""Curico"";""+56994139206"";""FREIRE 709, 3, Curico, Maule"";"""";"""";""Retiro en tienda"";"""";"""";""ADAN CISTERNA"";"""";"""";""Bridgestone, Ipone, Monkey"";"""";"""""
"ADOLFO RODRIGO PARRAGUEZ MORENO;""13500676-9"";""Cliente"";""3"";""Tienda de repuestos"";"""";"""";"""";"""";"""";"""";"""";""Retiro en tienda"";"""";"""";"""";"""";"""";""Shinko"";"""";"""""
"Agricola Al Sur;""77281974-9"";""Cliente"";""3"";""Tienda de repuestos"";"""";""Metropolitana"";""Vitacura"";"""";""AV NVA COSTANERA 4229 202, Vitacura, Metropolitana"";""Cadaques 538 538, Vitacura, Metropolitana"";"""";""Reparto propio"";"""";"""";"""";"""";"""";""Monkey"";"""";"""""
"AGRICOLA EL AGAVE LIMITADA;""77790893-6"";""Cliente"";""3"";""Tienda de repuestos"";"""";"""";"""";"""";"""";"""";"""";""Retiro en tienda"";"""";"""";"""";"""";"""";""Monkey, GT-Oil, Ipone"";"""";"""""
"AGRICOLA EL JARDIN S.A.;""76477315-2"";""Cliente"";""3"";""Tienda de repuestos"";"""";"""";"""";"""";"""";"""";"""";""Retiro en tienda"";"""";"""";"""";"""";"""";""GT-Oil, Ipone"";"""";"""""
"AGRICOLA HETTICH-SMOLKO LIMITADA;""76573194-1"";""Cliente"";""3"";""Tienda de repuestos"";"""";""Los Lagos"";""Purranque"";""+56 9 4275 5843"";""FUNDO MIRAMONTE, Purranque, Los Lagos"";"""";"""";""Retiro en tienda"";"""";"""";""andres enrique hettich"";"""";"""";"""";"""";"""""
"AGRICOLA QUELEN SPA;""77712539-7"";""Cliente"";""3"";""Tienda de repuestos"";"""";"""";"""";"""";"""";"""";"""";""Retiro en tienda"";"""";"""";"""";"""";"""";"""";"""";"""""
"AGRICOLA SANTA GABRIELA DEL TRAPICHE SPA.;""77336100-2"";""Cliente"";""3"";""Tienda de repuestos"";"""";"""";"""";"""";"""";"""";"""";""Retiro en tienda"";"""";"""";"""";"""";"""";""Shinko"";"""";"""""
"AGRICOLA Y GANADERA JOSE MIGUEL INFANTE E.I.R.L;""76220878-4"";""Cliente"";""3"";""Tienda de repuestos"";"""";"""";"""";"""";"""";"""";"""";""Retiro en tienda"";"""";"""";"""";"""";"""";"""";"""";"""""
"AGUSTIN EGUIGUREN BUSTAMANTE;""19892529-2"";""Cliente"";""3"";""Tienda de repuestos"";"""";"""";"""";"""";"""";"""";"""";""Retiro en tienda"";"""";"""";"""";"""";"""";""Shinko"";"""";"""""
"AGUSTIN REYES;""21865182-8"";""Cliente"";""3"";""Tienda de repuestos"";"""";"""";"""";"""";"""";"""";"""";""Retiro en tienda"";"""";"""";"""";"""";"""";""Ipone"";"""";"""""
"ALAN FERNANDO HERNANDEZ VILLEGAS;""13450991-0"";""Cliente"";""3"";""Tienda de repuestos"";"""";"""";"""";"""";"""";"""";"""";""Retiro en tienda"";"""";"""";"""";"""";"""";""Ipone"";"""";"""""
"ALBINI SPA;""76768872-5"";""Cliente"";""3"";""Tienda de repuestos"";"""";"""";"""";"""";"""";"""";"""";""Retiro en tienda"";"""";"""";"""";"""";"""";""Ipone"";"""";"""""
"ALDO GABRIEL RIQUELME ARAVENA;""19129662-1"";""Cliente"";""3"";""Tienda de repuestos"";"""";"""";"""";"""";"""";"""";"""";""Retiro en tienda"";"""";"""";"""";"""";"""";""Ipone, Shinko"";"""";""Claudio Leclerc"""
"ALDO OSORIO;""16207564-0"";""Cliente"";""3"";""Tienda de repuestos"";"""";"""";"""";""+56982233168"";"""";"""";"""";""Retiro en tienda"";"""";"""";"""";"""";"""";"""";"""";"""""
"ALEJANDRO FELIX HORN ALVAREZ;""16314798-K"";""Cliente"";""3"";""Tienda de repuestos"";"""";"""";"""";"""";"""";"""";"""";""Retiro en tienda"";"""";"""";"""";"""";"""";""Monkey"";"""";"""""
"ALEJANDRO HUMBERTO DENHAM GUTIERREZ;""8331594-6"";""Cliente"";""3"";""Tienda de repuestos"";"""";"""";"""";"""";"""";"""";"""";""Retiro en tienda"";"""";"""";"""";"""";"""";""Bridgestone, Ipone, Motoz"";"""";"""""
"ALEJANDRO JOSE DENHAM FRAUENBERG;""20072983-8"";""Cliente"";""3"";""Tienda de repuestos"";"""";"""";"""";"""";"""";"""";"""";""Retiro en tienda"";"""";"""";"""";"""";"""";""Motoz"";"""";"""""
"ALEJANDRO MARCELO FONTAINE URIBARRI;""8778740-0"";""Cliente"";""3"";""Tienda de repuestos"";"""";"""";"""";"""";"""";"""";"""";""Retiro en tienda"";"""";"""";"""";"""";"""";""Ipone"";"""";"""""
"ALEJANDRO STUARDO;""15197368-K"";""Cliente"";""3"";""Tienda de repuestos"";"""";"""";"""";"""";"""";"""";"""";""Retiro en tienda"";"""";"""";"""";"""";"""";""Ipone, Monkey, Bridgestone"";"""";"""""
"ALEX MARCELO SOTO VASQUEZ;""15680954-3"";""Cliente"";""3"";""Tienda de repuestos"";"""";"""";"""";"""";"""";"""";"""";""Retiro en tienda"";"""";"""";"""";"""";"""";""Shinko"";"""";"""""
"ALEX MASTER SPA;""77426654-2"";""Cliente"";""3"";""Tienda de repuestos"";"""";""Maule"";""Chillan"";""569745478"";""juanito 123, Chillan, Maule"";""juanito 123, Chillan, Maule"";"""";""Reparto propio"";"""";"""";""Fabio"";"""";"""";""Ipone, Shinko"";"""";""Claudio Leclerc"""
"ALEX MAURICIO MARTINEZ AVILES;""16934627-5"";""Cliente"";""3"";""Tienda de repuestos"";"""";"""";"""";"""";"""";"""";"""";""Retiro en tienda"";"""";"""";"""";"""";"""";""Gibson, Ipone"";"""";""Claudio Leclerc"""
"ALLEN MOTOS SPA;""76711421-4"";""Cliente"";""3"";""Tienda de repuestos"";"""";"""";"""";"""";"""";"""";"""";""Retiro en tienda"";"""";"""";"""";"""";"""";""Ipone, Monkey"";"""";""Claudio Leclerc"""
"ALLENDES MOTOS;""11976738-5"";""Cliente"";""3"";""Tienda de repuestos"";"""";"""";"""";"""";"""";"""";"""";""Retiro en tienda"";"""";"""";"""";"""";"""";""GT-Oil, Ipone, Monkey"";"""";""Sebastián Agusto"""
"ALVARO LEONEL SAEZ PIZARRO;""17529032-K"";""Cliente"";""3"";""Tienda de repuestos"";"""";"""";"""";"""";"""";"""";"""";""Retiro en tienda"";"""";"""";"""";"""";"""";""Shinko"";"""";"""""
"AMBAR ARCE FUENTES;""17096579-5"";""Cliente"";""3"";""Tienda de repuestos"";"""";"""";"""";"""";"""";"""";"""";""Retiro en tienda"";"""";"""";"""";"""";"""";""Shinko"";"""";"""""
"American Friction Lube Chile Spa;""76933452-1"";""Cliente"";""3"";""Tienda de repuestos"";"""";""Metropolitana"";""San Joaquin"";""+56972201109"";""Sierra Bella 2352, San Joaquin, Metropolitana"";"""";"""";""Retiro en tienda"";"""";"""";"""";"""";"""";""Ipone"";"""";"""""
"ANA MARIA MEZA VERGARA;""10712536-1"";""Cliente"";""3"";""Tienda de repuestos"";"""";"""";"""";"""";"""";"""";"""";""Retiro en tienda"";"""";"""";"""";"""";"""";""Ipone, Motoz"";"""";"""""
"ANDREA VALENZUELA CARRASCO;""14365112-6"";""Cliente"";""3"";""Tienda de repuestos"";"""";""Metropolitana"";""Pudahuel"";""+56998300382"";""Av. La Estrella 1389, Pudahuel, Metropolitana"";""Icla, Pudahuel, Metropolitana"";"""";""Reparto propio"";"""";"""";"""";"""";"""";""Ipone"";"""";""Sebastián Agusto"""
"ANDREAS VALENZUELA ROCHE;""16152102-7"";""Cliente"";""3"";""Tienda de repuestos"";"""";"""";"""";"""";"""";"""";"""";""Retiro en tienda"";"""";"""";"""";"""";"""";""Gibson"";"""";"""""
"ANDRES GONZALEZ;""13361047-2"";""Cliente"";""3"";""Tienda de repuestos"";"""";"""";"""";""+56979654417"";"""";"""";"""";""Retiro en tienda"";"""";"""";"""";"""";"""";""Bridgestone"";"""";"""""
"ANDRES GONZALEZ DESTERRADOS;""13.361.047-2"";""Cliente"";""3"";""Tienda de repuestos"";"""";"""";"""";""+56 9 7965 4417"";"""";"""";"""";""Retiro en tienda"";"""";"""";"""";"""";"""";"""";"""";"""""
"ANDRES JONEMANN;""99789352"";""Cliente"";""3"";""Tienda de repuestos"";"""";"""";"""";""+56971662216"";"""";"""";"""";""Retiro en tienda"";"""";"""";"""";"""";"""";"""";"""";"""""
"ANDRES JUNEMANN NUNEZ;""9978935-2"";""Cliente"";""3"";""Tienda de repuestos"";"""";"""";"""";"""";"""";"""";"""";""Retiro en tienda"";"""";"""";"""";"""";"""";""Motoz"";"""";"""""
"ANGELO ALVARO GONZALEZ MALE;""20035094-4"";""Cliente"";""3"";""Tienda de repuestos"";"""";"""";"""";"""";"""";"""";"""";""Retiro en tienda"";"""";"""";"""";"""";"""";""Ipone"";"""";"""""
"ANGELO GENTA P. E.I.R.L;""76976697-9"";""Cliente"";""3"";""Tienda de repuestos"";"""";"""";"""";"""";"""";"""";"""";""Retiro en tienda"";"""";"""";"""";"""";"""";""Shinko, Ipone, Motoz"";"""";"""""
"ANGELO JAVIER SUAREZ DOSSI;""15448982-7"";""Cliente"";""3"";""Tienda de repuestos"";"""";"""";"""";"""";"""";"""";"""";""Retiro en tienda"";"""";"""";"""";"""";"""";""Shinko"";"""";"""""
"ANTHONY JHON MOLANO VARGAS;""26084597-7"";""Cliente"";""3"";""Tienda de repuestos"";"""";"""";"""";"""";"""";"""";"""";""Retiro en tienda"";"""";"""";"""";"""";"""";""Bridgestone, Ipone, Shinko"";"""";"""""
"AN?BAL ALEJANDRO REYES AM?STICA;""17458996-8"";""Cliente"";""3"";""Tienda de repuestos"";"""";"""";"""";"""";"""";"""";"""";""Retiro en tienda"";"""";"""";"""";"""";"""";""Ipone"";"""";"""""
"ARAYA MOTOS DANILO EDUARDO SPA;""77055225-7"";""Cliente"";""3"";""Tienda de repuestos"";"""";""Metropolitana"";""Maipu"";"""";""AV. LOS PAJARITOS 1425, Maipu, Metropolitana"";"""";"""";""Retiro en tienda"";"""";"""";"""";"""";"""";""Monkey, Ipone"";"""";""Claudio Leclerc"""
"ARRANCANDO SPA;""77441701-K"";""Cliente"";""3"";""Tienda de repuestos"";"""";"""";"""";"""";"""";"""";"""";""Retiro en tienda"";"""";"""";"""";"""";"""";""Ipone"";"""";"""""
"ARSENIO CERDA;""10052155-5"";""Cliente"";""3"";""Tienda de repuestos"";"""";"""";"""";"""";"""";"""";"""";""Retiro en tienda"";"""";"""";"""";"""";"""";""Gibson"";"""";"""""
"ASIA FOOD SPA;""77855007-5"";""Cliente"";""3"";""Tienda de repuestos"";"""";""Antofagasta"";""Antofagasta"";"""";""General Velásquez 1198, Antofagasta, Antofagasta"";"""";"""";""Retiro en tienda"";"""";"""";"""";"""";"""";"""";"""";"""""
"AUSTRAL PRODUCCIOINES LIMITADA;""77829032-4"";""Cliente"";""3"";""Tienda de repuestos"";"""";""Biobío"";""Concepción"";""+56988831856"";""Paicaví 2022, Concepción, Concepción, Biobío"";"""";"""";""Retiro en tienda"";"""";"""";""Nelson Parada"";"""";"""";"""";"""";"""""
"AUSTRAL PRODUCCIONES LTDA;""77.829.032-4"";""Cliente"";""3"";""Tienda de repuestos"";"""";"""";"""";"""";"""";"""";"""";""Retiro en tienda"";"""";"""";"""";"""";"""";""Bridgestone"";"""";"""""
"AUTOMOTORA SANTA MARIA LTDA;""79586200-5"";""Cliente"";""3"";""Tienda de repuestos"";"""";"""";"""";"""";"""";"""";"""";""Retiro en tienda"";"""";"""";"""";"""";"""";""Bridgestone, Ipone, Shinko, Monkey"";"""";"""""
"AUTOMOTRIZ GONZALO CARMONA Y CIA LTDA;""77231820-0"";""Cliente"";""3"";""Tienda de repuestos"";"""";"""";"""";"""";"""";"""";"""";""Retiro en tienda"";"""";"""";"""";"""";"""";""Ipone"";"""";"""""
"AUTOVIA CHILE LIMITADA;""76014548-3"";""Cliente"";""3"";""Tienda de repuestos"";"""";"""";"""";"""";"""";"""";"""";""Retiro en tienda"";"""";"""";"""";"""";"""";""Ipone, Shinko, Bridgestone"";"""";"""""
"BASTIAN ROJO;""21204998-0"";""Cliente"";""3"";""Tienda de repuestos"";"""";"""";"""";"""";"""";"""";"""";""Retiro en tienda"";"""";"""";"""";"""";"""";""Ipone"";"""";"""""
"BEROMOTOS;""76225503-0"";""Cliente"";""3"";""Tienda de repuestos"";"""";"""";"""";"""";"""";"""";"""";""Retiro en tienda"";"""";"""";"""";"""";"""";""Ipone"";"""";""Claudio Leclerc"""
"BIG TRAIL SHOP SPA;""76636099-8"";""Cliente"";""3"";""Tienda de repuestos"";"""";"""";"""";"""";"""";"""";"""";""Retiro en tienda"";"""";"""";"""";"""";"""";""Motoz, Shinko"";"""";"""""
"BIMOTA;""80738800-2"";""Cliente"";""3"";""Tienda de repuestos"";"""";"""";"""";"""";"""";"""";"""";""Retiro en tienda"";"""";"""";"""";"""";"""";""Bridgestone, Ipone"";"""";"""""
"BLT CARBIKE SPA;""77664862-0"";""Cliente"";""3"";""Tienda de repuestos"";"""";"""";"""";"""";"""";"""";"""";""Retiro en tienda"";"""";"""";"""";"""";"""";""Ipone"";"""";"""""
"BRAAAAP STORE SPA;""77396345-2"";""Cliente"";""3"";""Tienda de repuestos"";"""";"""";"""";"""";"""";"""";"""";""Retiro en tienda"";"""";"""";"""";"""";"""";""Ipone, Shinko"";"""";""Claudio Leclerc"""
"BRAM MOTORCYCLE PARTS SPA;""77002767-5"";""Cliente"";""3"";""Tienda de repuestos"";"""";"""";"""";"""";"""";"""";"""";""Retiro en tienda"";"""";"""";"""";"""";"""";""Shinko"";"""";"""""
"BRIDGESTONE CHILE S.A;""93602000-3"";""Cliente"";""3"";""Tienda de repuestos"";"""";"""";"""";"""";"""";"""";"""";""Retiro en tienda"";"""";"""";"""";"""";"""";"""";"""";"""""
"BRONKO MOTOS SPA;""77891762-9"";""Cliente"";""3"";""Tienda de repuestos"";"""";"""";"""";"""";"""";"""";"""";""Retiro en tienda"";"""";"""";"""";"""";"""";""Ipone, Shinko"";"""";""Claudio Leclerc"""
"BRUNA RACING SPA;""77592179-K"";""Cliente"";""3"";""Tienda de repuestos"";"""";"""";"""";"""";"""";"""";"""";""Retiro en tienda"";"""";"""";"""";"""";"""";""Ipone"";"""";""Claudio Leclerc"""
"BRUNO HERNANDEZ GABOR;""21030755-9"";""Cliente"";""3"";""Tienda de repuestos"";"""";"""";"""";"""";"""";"""";"""";""Retiro en tienda"";"""";"""";"""";"""";"""";""Bridgestone, Ipone"";"""";"""""
"Burgonz motos SPA;""77.484.331-0"";""Cliente"";""3"";""Tienda de repuestos"";"""";""Metropolitana"";""Estacion Central"";""+56974802389"";""AV. PADRE HURTADO 295, Estacion Central, Metropolitana"";"""";"""";""Retiro en tienda"";"""";"""";""AVILIO GONZALEZ"";"""";"""";""Ipone"";"""";""Sebastián Agusto"""
"BURGONZ MOTOS SPA;""77484331-0"";""Cliente"";""3"";""Tienda de repuestos"";"""";"""";"""";"""";"""";"""";"""";""Retiro en tienda"";"""";"""";"""";"""";"""";""GT-Oil, Ipone"";"""";"""""
"BYPMOTOS SPA;""78213887-1"";""Cliente"";""3"";""Tienda de repuestos"";"""";""Metropolitana"";""Estación Central"";""+56977594301"";""Concón 19, Estación Central, Estación Central, Metropolitana"";"""";"""";""Retiro en tienda"";"""";"""";""Bastian Rojo"";"""";"""";""Ipone, Shinko, Monkey"";"""";"""""
"CABRINI LAZCANO SPA;""76942402-4"";""Cliente"";""3"";""Tienda de repuestos"";"""";"""";"""";"""";"""";"""";"""";""Retiro en tienda"";"""";"""";"""";"""";"""";""Ipone"";"""";"""""
"CALOTA MOTO YASSEF SELMAN EIRL;""77262855-2"";""Cliente"";""3"";""Tienda de repuestos"";""Tienda"";""Biobío"";""Concepcion"";""+56 9 8229 0279"";""Castellon 764, Concepcion, Biobío"";""Starken CtaCte, Concepcion, Biobío"";"""";""Reparto propio"";"""";"""";""Yassef Calota"";"""";"""";""Shinko, Ipone, Motoz, Bridgestone"";"""";""Claudio Leclerc"""
"CARLOS ABRAHAM CARDENAS RODRIGUEZ;""13899013-3"";""Cliente"";""3"";""Tienda de repuestos"";"""";"""";"""";"""";"""";"""";"""";""Retiro en tienda"";"""";"""";"""";"""";"""";""Ipone"";"""";""Sebastián Agusto"""
"CARLOS ALBERTO MUNOZ MAS;""7670637-9"";""Cliente"";""3"";""Tienda de repuestos"";"""";"""";"""";"""";"""";"""";"""";""Retiro en tienda"";"""";"""";"""";"""";"""";""Bridgestone, Ipone"";"""";"""""
"CARLOS ALEJANDRO GUTIERREZ DAVILA;""16358134-5"";""Cliente"";""3"";""Tienda de repuestos"";"""";"""";"""";"""";"""";"""";"""";""Retiro en tienda"";"""";"""";"""";"""";"""";""Monkey"";"""";"""""
"CARLOS ANDRES HORMAZABAL ATENAS;""13945741-2"";""Cliente"";""3"";""Tienda de repuestos"";"""";"""";"""";"""";"""";"""";"""";""Retiro en tienda"";"""";"""";"""";"""";"""";""Ipone"";"""";"""""
"CARLOS AUGUSTO ERRAZURIZ SAAVEDRA;""19687212-4"";""Cliente"";""3"";""Tienda de repuestos"";"""";"""";"""";"""";"""";"""";"""";""Retiro en tienda"";"""";"""";"""";"""";"""";""Shinko"";"""";"""""
"CARLOS D?AZ;""17442219-2"";""Cliente"";""3"";""Tienda de repuestos"";"""";"""";"""";"""";"""";"""";"""";""Retiro en tienda"";"""";"""";"""";"""";"""";""Monkey"";"""";"""""
"CARLOS ESTEBAN PACHECO CARRASCO;""12519825-2"";""Cliente"";""3"";""Tienda de repuestos"";"""";"""";"""";"""";"""";"""";"""";""Retiro en tienda"";"""";"""";"""";"""";"""";""Ipone, Shinko, Monkey"";"""";"""""
"CARLOS IGNACIO MUNOZ ARACENA;""19787327-2"";""Cliente"";""3"";""Tienda de repuestos"";"""";"""";"""";"""";"""";"""";"""";""Retiro en tienda"";"""";"""";"""";"""";"""";""Ipone"";"""";"""""
"CARLOS TEIXEIRA;""48229453-7"";""Cliente"";""3"";""Tienda de repuestos"";"""";"""";"""";"""";"""";"""";"""";""Retiro en tienda"";"""";"""";"""";"""";"""";""Ipone, Motoz"";"""";"""""
"CAROLINA YANILL ALARCON SAEZ;""17171745-0"";""Cliente"";""3"";""Tienda de repuestos"";"""";""Maule"";""Linares"";""+56 9 5018 1938"";""Januario Espinoza 1027, Linares, Maule"";"""";"""";""Retiro en tienda"";"""";"""";""FRANCISCO VALDES"";"""";"""";""GT-Oil, Ipone, Monkey"";"""";"""""
"CARPAS GONI SPA;""76866026-3"";""Cliente"";""3"";""Tienda de repuestos"";"""";"""";"""";"""";"""";"""";"""";""Retiro en tienda"";"""";"""";"""";"""";"""";"""";"""";"""""
"CASA RACING CHILE LIMITADA;""76800031-K"";""Cliente"";""3"";""Tienda de repuestos"";"""";"""";"""";"""";"""";"""";"""";""Retiro en tienda"";"""";"""";"""";"""";"""";""Monkey, Ipone"";"""";"""""
"CATALINA NINOSKA MICHEA SILVA;""1926722-K"";""Cliente"";""3"";""Tienda de repuestos"";""Taller"";""Valparaíso"";""San Esteban"";""+56947846536"";""LA UNION 204, SAN ESTEBAN. LOS ANDES, San Esteban, Valparaíso"";"""";"""";""Retiro en tienda"";"""";"""";"""";"""";"""";""Bridgestone"";"""";"""""
"CEC SERVICES SPA;""77418831-2"";""Cliente"";""3"";""Tienda de repuestos"";"""";"""";"""";"""";"""";"""";"""";""Retiro en tienda"";"""";"""";"""";"""";"""";""Bridgestone, Ipone"";"""";"""""
"CENNY ALEJANDRO BILBAO PENA;""21326368-4"";""Cliente"";""3"";""Tienda de repuestos"";"""";"""";"""";"""";"""";"""";"""";""Retiro en tienda"";"""";"""";"""";"""";"""";"""";"""";"""""
"CESAR ANTONIO MILLAN SIERRAALTA;""25571346-9"";""Cliente"";""3"";""Tienda de repuestos"";"""";"""";"""";"""";"""";"""";"""";""Retiro en tienda"";"""";"""";"""";"""";"""";""Motoz"";"""";"""""
"CESAR DUANNY BELTRAN TAPIA;""15718247-1"";""Cliente"";""3"";""Tienda de repuestos"";"""";"""";"""";"""";"""";"""";"""";""Retiro en tienda"";"""";"""";"""";"""";"""";""Ipone"";"""";"""""
"CESAR ENRIQUE OCHOA SALAZAR;""27084444-8"";""Cliente"";""3"";""Tienda de repuestos"";"""";"""";"""";"""";"""";"""";"""";""Retiro en tienda"";"""";"""";"""";"""";"""";""Ipone"";"""";"""""
"CESAR FELIPE SANDOVAL SANDOVAL;""13847158-6"";""Cliente"";""3"";""Tienda de repuestos"";"""";"""";"""";"""";"""";"""";"""";""Retiro en tienda"";"""";"""";"""";"""";"""";""Shinko"";"""";"""""
"CESAR MAURICIO GARRIDO LAGOS;""18387174-9"";""Cliente"";""3"";""Tienda de repuestos"";"""";"""";"""";"""";"""";"""";"""";""Retiro en tienda"";"""";"""";"""";"""";"""";""Ipone"";"""";"""""
"CG MOTORS SPA;""77563939-3"";""Cliente"";""3"";""Tienda de repuestos"";"""";"""";"""";"""";"""";"""";"""";""Retiro en tienda"";"""";"""";"""";"""";"""";""GT-Oil, Ipone, Shinko"";"""";""Claudio Leclerc"""
"CHRISTOPHER COLVIN GRAUSCHOPF;""13056246-9"";""Cliente"";""3"";""Tienda de repuestos"";"""";"""";"""";"""";"""";"""";"""";""Retiro en tienda"";"""";"""";"""";"""";"""";""Ipone"";"""";"""""
"CHRISTOPHER GORTAIRE;""12821147-0"";""Cliente"";""3"";""Tienda de repuestos"";"""";"""";"""";"""";"""";"""";"""";""Retiro en tienda"";"""";"""";"""";"""";"""";""Ipone"";"""";"""""
"CLAUDIA ANDREA MARTINEZ BUSTAMANTE;""19130462-4"";""Cliente"";""3"";""Tienda de repuestos"";"""";"""";"""";"""";"""";"""";"""";""Retiro en tienda"";"""";"""";"""";"""";"""";"""";"""";"""""
"CLAUDIA LUNA VASQUEZ SOTO;""16107237-0"";""Cliente"";""3"";""Tienda de repuestos"";"""";"""";"""";"""";"""";"""";"""";""Retiro en tienda"";"""";"""";"""";"""";"""";""Shinko, Monkey, GT-Oil, Ipone"";"""";"""""
"CLAUDIA ROSARIO BICHARA MUNOZ;""10985517-0"";""Cliente"";""3"";""Tienda de repuestos"";"""";"""";"""";"""";"""";"""";"""";""Retiro en tienda"";"""";"""";"""";"""";"""";""Motoz"";"""";"""""
"CLAUDIO ANDRES CHAVEZ HERRERA;""12440659-5"";""Cliente"";""3"";""Tienda de repuestos"";"""";"""";"""";"""";"""";"""";"""";""Retiro en tienda"";"""";"""";"""";"""";"""";"""";"""";"""""
"CLAUDIO ENRIQUE OLMOS GOMEZ;""14481591-2"";""Cliente"";""3"";""Tienda de repuestos"";"""";"""";"""";"""";"""";"""";"""";""Retiro en tienda"";"""";"""";"""";"""";"""";""Ipone"";"""";"""""
"Claudio Leclerc Camus;""7.6626.836-3"";""Cliente"";""3"";""Tienda de repuestos"";"""";""Metropolitana"";""Quilicura"";""+56 9 39171415"";""El Juncal 240, Quilicura, Metropolitana"";"""";"""";""Retiro en tienda"";"""";"""";"""";"""";"""";""Ipone, Shinko, Bridgestone, Motoz"";"""";"""""
"COLETTE ALICE DE RAUCOURT ROCA;""7024119-6"";""Cliente"";""3"";""Tienda de repuestos"";"""";"""";"""";"""";"""";"""";"""";""Retiro en tienda"";"""";"""";"""";"""";"""";""Shinko"";"""";"""""
"COLMOTOS SPA;""77915954-K"";""Cliente"";""3"";""Tienda de repuestos"";"""";"""";"""";"""";"""";"""";"""";""Retiro en tienda"";"""";"""";"""";"""";"""";""Ipone"";"""";""Claudio Leclerc"""
"COLOMBIA MOTOS SPA;""76592427-8"";""Cliente"";""3"";""Tienda de repuestos"";"""";"""";"""";"""";"""";"""";"""";""Retiro en tienda"";"""";"""";"""";"""";"""";""Ipone"";"""";""Claudio Leclerc"""
"COLVIN Y COLVIN LTDA;""53016530-2"";""Cliente"";""3"";""Tienda de repuestos"";"""";"""";"""";"""";"""";"""";"""";""Retiro en tienda"";"""";"""";"""";"""";"""";""Bridgestone, Gibson, Shinko, Monkey"";"""";"""""
"COM ANDRES A BARRERA VEGA EIRL;""16984710-K"";""Cliente"";""3"";""Tienda de repuestos"";"""";"""";"""";"""";"""";"""";"""";""Retiro en tienda"";"""";"""";"""";"""";"""";""Monkey"";"""";"""""
"COMERCIAL ANDRES A BARRERA VEGA EIRL;""76716645-1"";""Cliente"";""3"";""Tienda de repuestos"";"""";"""";"""";"""";"""";"""";"""";""Retiro en tienda"";"""";"""";"""";"""";"""";""Monkey"";"""";"""""
"COMERCIAL ASSEM MOTOS SPA.;""77199506-3"";""Cliente"";""3"";""Tienda de repuestos"";"""";"""";"""";"""";"""";"""";"""";""Retiro en tienda"";"""";"""";"""";"""";"""";""Ipone"";"""";"""""
"COMERCIAL BYD LIMITADA;""76320271-2"";""Cliente"";""3"";""Tienda de repuestos"";"""";"""";"""";"""";"""";"""";"""";""Retiro en tienda"";"""";"""";"""";"""";"""";""Motoz"";"""";"""""
"COMERCIAL CARRERA LTDA;""76269962-1"";""Cliente"";""3"";""Tienda de repuestos"";"""";""Valparaíso"";""Quilpue"";"""";""CALLE SEGUNDA 0773, QUILPUE 0773, Quilpue, Valparaíso"";""CALLE SEGUNDA 0773, QUILPUE 0773, Quilpue, Valparaíso"";"""";""Reparto propio"";"""";"""";"""";"""";"""";""Motoz, Shinko"";"""";"""""
"COMERCIAL CELA SPA;""76776869-9"";""Cliente"";""3"";""Tienda de repuestos"";"""";"""";"""";"""";"""";"""";"""";""Retiro en tienda"";"""";"""";"""";"""";"""";""Ipone"";"""";"""""
"COMERCIAL CHALECO LOPEZY DEL CAMPO LTDA;""76746592-0"";""Cliente"";""3"";""Tienda de repuestos"";"""";"""";"""";"""";"""";"""";"""";""Retiro en tienda"";"""";"""";"""";"""";"""";""Shinko, Ipone"";"""";"""""
"COMERCIAL DASCANIO LIMITADA;""76071825-4"";""Cliente"";""3"";""Tienda de repuestos"";"""";"""";"""";"""";"""";"""";"""";""Retiro en tienda"";"""";"""";"""";"""";"""";""Motoz"";"""";"""""
"COMERCIAL E INVERSIONES ESR;""76301961-6"";""Cliente"";""3"";""Tienda de repuestos"";"""";"""";"""";"""";"""";"""";"""";""Retiro en tienda"";"""";"""";"""";"""";"""";""Bridgestone, Motoz, Shinko"";"""";"""""
"COMERCIAL FABIAN ISMAEL AM?STICA VILLARROEL E.I.R.;""77337026-5"";""Cliente"";""3"";""Tienda de repuestos"";"""";"""";"""";"""";"""";"""";"""";""Retiro en tienda"";"""";"""";"""";"""";"""";""Shinko"";"""";"""""
"COMERCIAL GRUNEFELD Y COMPANIA LIMITADA;""76308687-9"";""Cliente"";""3"";""Tienda de repuestos"";"""";""Valparaíso"";""San Felipe"";""+56 9 92215282"";""Chacabuco 277, San Felipe, Valparaíso"";"""";"""";""Retiro en tienda"";"""";"""";""Max Grunefeld"";"""";"""";""Ipone"";"""";"""""
"COMERCIAL H SAN MARTIN SPA;""77060448-6"";""Cliente"";""3"";""Tienda de repuestos"";"""";"""";"""";"""";"""";"""";"""";""Retiro en tienda"";"""";"""";"""";"""";"""";"""";"""";"""""
"COMERCIAL IR S.A.;""76361943-5"";""Cliente"";""3"";""Tienda de repuestos"";"""";"""";"""";"""";"""";"""";"""";""Retiro en tienda"";"""";"""";"""";"""";"""";""Bridgestone"";"""";"""""
"COMERCIAL JEREMIAS LTDA;""78225660-2"";""Cliente"";""3"";""Tienda de repuestos"";"""";""Metropolitana"";""Providencia"";""+56945212284"";""Av. Vitacura 9390, Providencia, Metropolitana"";""Franklin 350, Providencia, Metropolitana"";"""";""Reparto propio"";"""";"""";""Juan Vargas"";"""";"""";""Bridgestone, Ipone"";"""";"""""
"COMERCIAL LOS ARRAYANES S.A.;""78871120-4"";""Cliente"";""3"";""Tienda de repuestos"";"""";"""";"""";"""";"""";"""";"""";""Retiro en tienda"";"""";"""";"""";"""";"""";""Shinko"";"""";"""""
"COMERCIAL LOS CIRUELOS LTDA.;""78577180-K"";""Cliente"";""3"";""Tienda de repuestos"";"""";"""";"""";"""";"""";"""";"""";""Retiro en tienda"";"""";"""";"""";"""";"""";""Ipone, Motoz, Shinko"";"""";"""""
"COMERCIAL MAXI ENDURO-CROSS LIMITADA;""77324089-2"";""Cliente"";""3"";""Tienda de repuestos"";"""";"""";"""";"""";"""";"""";"""";""Retiro en tienda"";"""";"""";"""";"""";"""";""Ipone"";"""";""Claudio Leclerc"""
"COMERCIAL REPUESTOS Y MOTOS FELIPE RIVAS E.I.R.L.;""77533707-9"";""Cliente"";""3"";""Tienda de repuestos"";"""";"""";"""";"""";"""";"""";"""";""Retiro en tienda"";"""";"""";"""";"""";"""";""Ipone"";"""";"""""
"COMERCIAL SANTIAGO CASAS BAEZ E.I.R.L.;""76633401-6"";""Cliente"";""3"";""Tienda de repuestos"";"""";"""";"""";"""";"""";"""";"""";""Retiro en tienda"";"""";"""";"""";"""";"""";""Ipone"";"""";"""""
"COMERCIAL TERRASSA SPA;""77603979-9"";""Cliente"";""3"";""Tienda de repuestos"";"""";"""";"""";"""";"""";"""";"""";""Retiro en tienda"";"""";"""";"""";"""";"""";""Ipone, Shinko"";"""";"""""
"COMERCIAL TOPMOTOS SPA;""77296119-7"";""Cliente"";""3"";""Tienda de repuestos"";"""";"""";"""";"""";"""";"""";"""";""Retiro en tienda"";"""";"""";"""";"""";"""";""Monkey, Bridgestone, Ipone"";"""";""Claudio Leclerc"""
"COMERCIAL Y SERVICIOS MOTOPARK;""76272306-9"";""Cliente"";""3"";""Tienda de repuestos"";"""";"""";"""";"""";"""";"""";"""";""Retiro en tienda"";"""";"""";"""";"""";"""";""Gibson"";"""";"""""
"COMERCIAL Y SERVICIOS ZERO COMPRESI?N SPA;""77127666-0"";""Cliente"";""3"";""Tienda de repuestos"";"""";"""";"""";"""";"""";"""";"""";""Retiro en tienda"";"""";"""";"""";"""";"""";""Ipone, Monkey"";"""";"""""
"COMERCIALIZADORA ALEJANDRO IGNACIO LARA NEUMANN E.I.R.L.;""78339811-7"";""Cliente"";""3"";""Tienda de repuestos"";""Tienda"";""Metropolitana"";""Puerto Varas"";""+56 9 6444 8832"";""IMPERIAL 433, PUERTO VARAS 433, Puerto Varas, Metropolitana"";""CACEM, Puerto Varas, Metropolitana"";"""";""Reparto propio"";"""";"""";""AÑEJANDRO LARA"";"""";"""";""Motoz"";"""";"""""
"COMERCIALIZADORA DE PIEZAS Y ACCESORIOS PARA MOTOA;""77900826-6"";""Cliente"";""3"";""Tienda de repuestos"";"""";"""";""Macul"";"""";""pedro de valdivia 5691 local 3, macul 3, Macul"";"""";"""";""Retiro en tienda"";"""";"""";"""";"""";"""";""Shinko, Bridgestone, Motoz"";"""";"""""
"COMERCIALIZADORA E IMPORTACIONES GUERRERO Y RODRIA;""77237395-3"";""Cliente"";""3"";""Tienda de repuestos"";"""";"""";"""";"""";"""";"""";"""";""Retiro en tienda"";"""";"""";"""";"""";"""";""Ipone"";"""";"""""
"COMERCIALIZADORA E IMPORTADORA MOTOPRO LIMITADA;""76404446-0"";""Cliente"";""3"";""Tienda de repuestos"";"""";"""";"""";"""";"""";"""";"""";""Retiro en tienda"";"""";"""";"""";"""";"""";"""";"""";"""""
"COMERCIALIZADORA ECB SPA;""77307227-2"";""Cliente"";""3"";""Tienda de repuestos"";"""";"""";"""";"""";"""";"""";"""";""Retiro en tienda"";"""";"""";"""";"""";"""";""Ipone"";"""";"""""
"COMERCIALIZADORA EL OLIMPICO SPA;""77362754-1"";""Cliente"";""3"";""Tienda de repuestos"";"""";"""";"""";"""";"""";"""";"""";""Retiro en tienda"";"""";"""";"""";"""";"""";""Ipone"";"""";""Claudio Leclerc"""
"COMERCIALIZADORA EMILIO JOSE SPA;""78133178-3"";""Cliente"";""3"";""Tienda de repuestos"";"""";"""";"""";"""";"""";"""";"""";""Retiro en tienda"";"""";"""";"""";"""";"""";""Ipone"";"""";"""""
"COMERCIALIZADORA FABIAN TOLEDO GUERRERI E.I.R.L;""78123462-1"";""Cliente"";""3"";""Tienda de repuestos"";"""";"""";"""";"""";"""";"""";"""";""Retiro en tienda"";"""";"""";"""";"""";"""";""Ipone, Monkey"";"""";"""""
"COMERCIALIZADORA FLORES, URBINA Y YENTZEN LIMITADA;""78123408-7"";""Cliente"";""3"";""Tienda de repuestos"";"""";"""";"""";"""";"""";"""";"""";""Retiro en tienda"";"""";"""";"""";"""";"""";""Shinko"";"""";"""""
"COMERCIALIZADORA GM ASOCIADOS SPA;""76935453-0"";""Cliente"";""3"";""Tienda de repuestos"";"""";"""";"""";"""";"""";"""";"""";""Retiro en tienda"";"""";"""";"""";"""";"""";""Ipone"";"""";"""""
"COMERCIALIZADORA HENRY ALFONSO PATI?O WYSOCKI E.I.;""77225399-0"";""Cliente"";""3"";""Tienda de repuestos"";"""";"""";"""";"""";"""";"""";"""";""Retiro en tienda"";"""";"""";"""";"""";"""";""Shinko, Monkey, Ipone"";"""";""Claudio Leclerc"""
"COMERCIALIZADORA MARJORIE EVELYN RODRIGUEZ MUNITA E.I.R.L;""76563989-1"";""Cliente"";""3"";""Tienda de repuestos"";"""";""Antofagasta"";""Antofagasta"";""+56988993610"";""Uribe 636 1008 antofagasta, Antofagasta, Antofagasta"";"""";"""";""Retiro en tienda"";"""";"""";""MACMILLAN"";"""";"""";""Bridgestone"";"""";"""""
"COMERCIALIZADORA MOTOSPORT SPA;""77842486-K"";""Cliente"";""3"";""Tienda de repuestos"";"""";""O'Higgins"";""San Fernando"";""+56 9 9873 5969"";""Calle Tres Montes 780, San Fernando 780, San Fernando, O'Higgins"";"""";"""";""Retiro en tienda"";"""";"""";""MARIANO SOLAR"";"""";"""";""Ipone, Shinko"";"""";"""""
"COMERCIALIZADORA MOTOURING CHILE LTDA;""76942440-7"";""Cliente"";""3"";""Tienda de repuestos"";"""";"""";"""";"""";"""";"""";"""";""Retiro en tienda"";"""";"""";"""";"""";"""";"""";"""";"""""
"COMERCIALIZADORA MUNDO TUNING SPA;""78007721-2"";""Cliente"";""3"";""Tienda de repuestos"";"""";"""";"""";"""";"""";"""";"""";""Retiro en tienda"";"""";"""";"""";"""";"""";""Shinko"";"""";"""""
"COMERCIALIZADORA ROSALES Y LOPEZ LIMITADA;""77649747-9"";""Cliente"";""3"";""Tienda de repuestos"";"""";"""";"""";"""";"""";"""";"""";""Retiro en tienda"";"""";"""";"""";"""";"""";""Ipone"";"""";""Claudio Leclerc"""
"Comercializadora Sianomoto Spa;""78285058-k"";""Cliente"";""3"";""Tienda de repuestos"";"""";""Metropolitana"";""La Florida"";""+56939560539"";""Av. Concha y Toro 3097, La Florida, Metropolitana"";"""";"""";""Retiro en tienda"";"""";"""";""Luciano Medina"";"""";"""";""Ipone"";"""";""Sebastián Agusto"""
"COMERCIALIZADORA SUMINISTROS ANDINOS SPA;""78032493-7"";""Cliente"";""3"";""Tienda de repuestos"";"""";"""";"""";"""";"""";"""";"""";""Retiro en tienda"";"""";"""";"""";"""";"""";""Ipone"";"""";"""""
"COMERCIO CARLOS ALBERTO PARRA ZAPATA E.I.R.L;""76485453-5"";""Cliente"";""3"";""Tienda de repuestos"";"""";"""";"""";"""";"""";"""";"""";""Retiro en tienda"";"""";"""";"""";"""";"""";""Ipone"";"""";"""""
"COMPANIA DE EFICIENCIAS Y LABORES AGRICOLAS;""76376508-3"";""Cliente"";""3"";""Tienda de repuestos"";"""";"""";"""";""+56 9 3261 5199"";"""";"""";"""";""Retiro en tienda"";"""";"""";""Valeria Cornejo"";"""";"""";""Gibson, Ipone, Monkey"";"""";"""""
"CONSTANZA ISLAVIA MIRANDA CANCINO;""16910364-K"";""Cliente"";""3"";""Tienda de repuestos"";"""";"""";"""";"""";"""";"""";"""";""Retiro en tienda"";"""";"""";"""";"""";"""";"""";"""";"""""
"CONSTRUCTORA BRICENO Y CIA LTDA;""87867400-6"";""Cliente"";""3"";""Tienda de repuestos"";"""";"""";"""";"""";"""";"""";"""";""Retiro en tienda"";"""";"""";"""";"""";"""";""Monkey"";"""";"""""
"CONSTRUCTORA VB SPA;""77958108-K"";""Cliente"";""3"";""Tienda de repuestos"";"""";"""";"""";"""";"""";"""";"""";""Retiro en tienda"";"""";"""";"""";"""";"""";""Ipone"";"""";"""""
"CRHISTIAN GABRIEL JAYMEZ QUI?ONES;""8659222-3"";""Cliente"";""3"";""Tienda de repuestos"";"""";"""";"""";"""";"""";"""";"""";""Retiro en tienda"";"""";"""";"""";"""";"""";""Monkey"";"""";"""""
"CRISTIAN ALEJANDRO ESPEJO MERCADO;""15024867-1"";""Cliente"";""3"";""Tienda de repuestos"";"""";"""";"""";"""";"""";"""";"""";""Retiro en tienda"";"""";"""";"""";"""";"""";""Shinko"";"""";"""""
"CRISTIAN ALEJANDRO LOO VERDEJO;""19486032-3"";""Cliente"";""3"";""Tienda de repuestos"";""Tienda"";""Valparaíso"";""Limache"";""+56964812704"";""Republica 101, Limache, Valparaíso"";""Vayve, Limache, Valparaíso"";"""";""Reparto propio"";"""";"""";""Cristian Loo"";"""";"""";""Bridgestone, Gibson, Ipone, Shinko"";"""";""Claudio Leclerc"""
"CRISTIAN CORNEJO AHUMADA;""14546611-3"";""Cliente"";""3"";""Tienda de repuestos"";"""";"""";"""";"""";"""";"""";"""";""Retiro en tienda"";"""";"""";"""";"""";"""";""Ipone, Shinko, Monkey"";"""";"""""
"CRISTIAN LARRAIN REYES;""10844186-0"";""Cliente"";""3"";""Tienda de repuestos"";"""";"""";"""";"""";"""";"""";"""";""Retiro en tienda"";"""";"""";"""";"""";"""";""Bridgestone, Ipone, Motoz"";"""";"""""
"CRISTIAN LENGERICH VALDERRAMA;""8433342-5"";""Cliente"";""3"";""Tienda de repuestos"";"""";"""";"""";"""";"""";"""";"""";""Retiro en tienda"";"""";"""";"""";"""";"""";""Ipone"";"""";"""""
"CRISTIAN MARCELO HUEICHA JIMENEZ;""18281822-4"";""Cliente"";""3"";""Tienda de repuestos"";"""";"""";"""";"""";"""";"""";"""";""Retiro en tienda"";"""";"""";"""";"""";"""";""Ipone, Monkey"";"""";"""""
"CRISTIAN ROGEL;""14098073-0"";""Cliente"";""3"";""Tienda de repuestos"";"""";"""";"""";"""";"""";"""";"""";""Retiro en tienda"";"""";"""";"""";"""";"""";""Gibson"";"""";"""""
"CRISTOBAL HERNAN CARRASCO URZUA;""20164871-8"";""Cliente"";""3"";""Tienda de repuestos"";"""";"""";"""";"""";"""";"""";"""";""Retiro en tienda"";"""";"""";"""";"""";"""";"""";"""";"""""
"CRISTOBAL MOMARES;""13669924-5"";""Cliente"";""3"";""Tienda de repuestos"";"""";"""";"""";"""";"""";"""";"""";""Retiro en tienda"";"""";"""";"""";"""";"""";""Gibson, Ipone"";"""";"""""
"CRISTOBAL PRIETO;""20827318-3"";""Cliente"";""3"";""Tienda de repuestos"";"""";"""";"""";""+56965963478"";""LAS HUALTATAS 4334, DEPTO 301"";"""";"""";""Retiro en tienda"";"""";"""";"""";"""";"""";""Bridgestone"";"""";"""""
"CUADERNOSCL SPA;""77722303-8"";""Cliente"";""3"";""Tienda de repuestos"";"""";"""";"""";"""";"""";"""";"""";""Retiro en tienda"";"""";"""";"""";"""";"""";""Shinko, Ipone, Motoz"";"""";"""""
"CURAUMA MOTOS SPA;""77999691-3"";""Cliente"";""3"";""Tienda de repuestos"";"""";"""";"""";"""";"""";"""";"""";""Retiro en tienda"";"""";"""";"""";"""";"""";""Ipone"";"""";"""""
"CV MOTOS SPA;""76466652-6"";""Cliente"";""3"";""Tienda de repuestos"";"""";"""";"""";"""";"""";"""";"""";""Retiro en tienda"";"""";"""";"""";"""";"""";""Gibson, Ipone, Shinko, Monkey"";"""";""Claudio Leclerc"""
"CVC NAUTICA SUR SPA;""77367675-5"";""Cliente"";""3"";""Tienda de repuestos"";"""";"""";"""";"""";"""";"""";"""";""Retiro en tienda"";"""";"""";"""";"""";"""";""Ipone"";"""";"""""
"D&P MOTO RACING LIMITADA;""76983515-6"";""Cliente"";""3"";""Tienda de repuestos"";"""";"""";"""";"""";"""";"""";"""";""Retiro en tienda"";"""";"""";"""";"""";"""";""Ipone"";"""";""Claudio Leclerc"""
"DAMIAN HERRERA;""21698211-8"";""Cliente"";""3"";""Tienda de repuestos"";"""";"""";"""";"""";"""";"""";"""";""Retiro en tienda"";"""";"""";"""";"""";"""";"""";"""";"""""
"DANIEL ALFREDO ALVARADO MAR?N;""17160248-3"";""Cliente"";""3"";""Tienda de repuestos"";"""";"""";"""";"""";"""";"""";"""";""Retiro en tienda"";"""";"""";"""";"""";"""";""Ipone"";"""";"""""
"DANIEL ISRAEL GONZALEZ CONCHA;""18527854-9"";""Cliente"";""3"";""Tienda de repuestos"";"""";"""";"""";"""";"""";"""";"""";""Retiro en tienda"";"""";"""";"""";"""";"""";""Ipone"";"""";"""""
"DARIO MARTINEZ;""13472884-1"";""Cliente"";""3"";""Tienda de repuestos"";"""";"""";"""";"""";"""";"""";"""";""Retiro en tienda"";"""";"""";"""";"""";"""";""Shinko"";"""";"""""
"DARWIN CAMPOS ESCOBEDO;""16389984-1"";""Cliente"";""3"";""Tienda de repuestos"";"""";"""";"""";"""";"""";"""";"""";""Retiro en tienda"";"""";"""";"""";"""";"""";""Ipone, Monkey"";"""";"""""
"DARWIN CORTEZ;""12394988-9"";""Cliente"";""3"";""Tienda de repuestos"";"""";"""";"""";"""";"""";"""";"""";""Retiro en tienda"";"""";"""";"""";"""";"""";""Shinko"";"""";"""""
"DATA IMPACT BUSINESS SOLUTIONS SPA;""78000816-4"";""Cliente"";""3"";""Tienda de repuestos"";"""";"""";"""";"""";"""";"""";"""";""Retiro en tienda"";"""";"""";"""";"""";"""";""Motoz, Ipone"";"""";"""""
"DIEGO ANTONIO HERNANDEZ SALAZAR;""18350398-7"";""Cliente"";""3"";""Tienda de repuestos"";"""";"""";"""";"""";"""";"""";"""";""Retiro en tienda"";"""";"""";"""";"""";"""";"""";"""";"""""
"DIEGO FELIPE PRADENAS GUERRERO;""18098403-8"";""Cliente"";""3"";""Tienda de repuestos"";"""";"""";"""";"""";"""";"""";"""";""Retiro en tienda"";"""";"""";"""";"""";"""";"""";"""";"""""
"DIP MOTO;""76534560-K"";""Cliente"";""3"";""Tienda de repuestos"";"""";"""";"""";"""";"""";"""";"""";""Retiro en tienda"";"""";"""";"""";"""";"""";""Motoz"";"""";""Claudio Leclerc"""
"DISTRIBUIDORA CHILENA DE MOTOCICLETAS S A;""96993820-0"";""Cliente"";""3"";""Tienda de repuestos"";"""";"""";"""";"""";"""";"""";"""";""Retiro en tienda"";"""";"""";"""";"""";"""";""Motoz, Shinko"";"""";"""""
"DISTRITHUNDER SOLUCIONES SPA;""76972592-K"";""Cliente"";""3"";""Tienda de repuestos"";"""";"""";"""";"""";"""";"""";"""";""Retiro en tienda"";"""";"""";"""";"""";"""";""Shinko, Ipone"";"""";""Claudio Leclerc"""
"DOBLE CILINDRO SPA;""77.142.749-9"";""Cliente"";""3"";""Tienda de repuestos"";"""";""Metropolitana"";""La Florida"";""+56971792986"";""AV. TRINIDAD ORIENTE 175, La Florida, Metropolitana"";"""";"""";""Retiro en tienda"";"""";"""";""ESTEBAN"";"""";"""";""Ipone"";"""";""Sebastián Agusto"""
"DYNO RACING;""77241978-3"";""Cliente"";""3"";""Tienda de repuestos"";"""";"""";""Macul"";""+56 9 79094448"";""Avda Macul 4394, Macul"";"""";"""";""Retiro en tienda"";"""";"""";""Jose Luis Leon"";"""";"""";""Ipone, Bridgestone"";"""";""Claudio Leclerc"""
"EASY RIDER MOTORSHOP SPA;""76868187-2"";""Cliente"";""3"";""Tienda de repuestos"";"""";"""";"""";"""";"""";"""";"""";""Retiro en tienda"";"""";"""";"""";"""";"""";""Shinko"";"""";"""""
"EDUARDO ANDRES BENTJERODT VASQUEZ;""10812118-1"";""Cliente"";""3"";""Tienda de repuestos"";"""";"""";"""";"""";"""";"""";"""";""Retiro en tienda"";"""";"""";"""";"""";"""";""Motoz"";"""";"""""
"EDUARDO ANTONIO VALENCIA ZAMORANO;""12900267-0"";""Cliente"";""3"";""Tienda de repuestos"";"""";"""";"""";"""";"""";"""";"""";""Retiro en tienda"";"""";"""";"""";"""";"""";""Shinko"";"""";"""""
"EL CHEMA SPA;""77880477-8"";""Cliente"";""3"";""Tienda de repuestos"";"""";"""";"""";"""";"""";"""";"""";""Retiro en tienda"";"""";"""";"""";"""";"""";""Ipone"";"""";"""""
"ELITE MOTOS;""77518702-6"";""Cliente"";""3"";""Tienda de repuestos"";"""";""Metropolitana"";""Santiago"";""+56 9 3461 3809"";""Chiloe 1980, Santiago Centro 1980, Santiago, Metropolitana"";"""";"""";""Retiro en tienda"";"""";"""";""Elite Motos"";"""";"""";""Ipone"";"""";"""""
"ELIZABETH CAREN PENA LETELIER;""16375730-3"";""Cliente"";""3"";""Tienda de repuestos"";"""";"""";"""";"""";"""";"""";"""";""Retiro en tienda"";"""";"""";"""";"""";"""";""Shinko"";"""";"""""
"ELSIE ALFARO ALFONSO;""14720151-6"";""Cliente"";""3"";""Tienda de repuestos"";"""";"""";"""";"""";"""";"""";"""";""Retiro en tienda"";"""";"""";"""";"""";"""";""Shinko"";"""";"""""
"EMAGBMX CIA LTDA;""76226101-4"";""Cliente"";""3"";""Tienda de repuestos"";"""";"""";"""";""+56 9 6248 2885"";"""";"""";"""";""Retiro en tienda"";"""";"""";"""";"""";"""";""Ipone, Motoz, Shinko"";"""";"""""
"EME MOTOS SPA;""77407524-0"";""Cliente"";""3"";""Tienda de repuestos"";"""";"""";"""";"""";"""";"""";"""";""Retiro en tienda"";"""";"""";"""";"""";"""";""Ipone"";"""";"""""
"EMILIO GABRIEL VEGA MEZA;""13045524-7"";""Cliente"";""3"";""Tienda de repuestos"";"""";"""";"""";"""";"""";"""";"""";""Retiro en tienda"";"""";"""";"""";"""";"""";""Shinko"";"""";"""""
"ENDUMOTOS MR SPA;""77518156-7"";""Cliente"";""3"";""Tienda de repuestos"";"""";""Metropolitana"";""Colina"";""56936828980"";""EL ALBA 3 PARCELA 35, Colina, Metropolitana"";"""";"""";""Retiro en tienda"";"""";"""";""MATIAS"";"""";"""";""Ipone, Motoz, Bridgestone, Shinko"";"""";""Sebastián Agusto"""
"ENDURO PRO SPA;""76497111-6"";""Cliente"";""3"";""Tienda de repuestos"";"""";"""";"""";"""";"""";"""";"""";""Retiro en tienda"";"""";"""";"""";"""";"""";""GT-Oil, Ipone, Motoz"";"""";""Claudio Leclerc"""
"EQUIPOS Y EXPEDICIONES LIMITADA;""76618478-2"";""Cliente"";""3"";""Tienda de repuestos"";"""";"""";"""";"""";"""";"""";"""";""Retiro en tienda"";"""";"""";"""";"""";"""";""Ipone, Shinko"";"""";"""""
"ERIC FERNANDO ALDARET RAMIREZ;""18285763-7"";""Cliente"";""3"";""Tienda de repuestos"";"""";"""";"""";"""";"""";"""";"""";""Retiro en tienda"";"""";"""";"""";"""";"""";""Ipone"";"""";"""""
"ESR MOTOS (NO USAR);""6271057-8"";""Cliente"";""3"";""Tienda de repuestos"";"""";"""";"""";"""";"""";"""";"""";""Retiro en tienda"";"""";"""";"""";"""";"""";""Bridgestone, Motoz"";"""";"""""
"Esteban Aburto;""19410184-8"";""Cliente"";""3"";""Tienda de repuestos"";"""";"""";"""";"""";"""";"""";"""";""Retiro en tienda"";"""";"""";"""";"""";"""";"""";"""";"""""
"ESTEBAN ANDRES SAN MARTIN OCAMPO;""19481365-1"";""Cliente"";""3"";""Tienda de repuestos"";"""";"""";"""";"""";"""";"""";"""";""Retiro en tienda"";"""";"""";"""";"""";"""";""Ipone"";"""";"""""
"EUGENIO HERNAN JIMENEZ SOLIS;""13345907-3"";""Cliente"";""3"";""Tienda de repuestos"";"""";"""";"""";"""";"""";"""";"""";""Retiro en tienda"";"""";"""";"""";"""";"""";""Shinko, Monkey"";"""";"""""
"EXTINTORES MAURICIO VALENZANO REYES E.I.R.L;""76733099-5"";""Cliente"";""3"";""Tienda de repuestos"";""Tienda"";""O'Higgins"";""Santa Cruz"";"""";""GONZALO BULNES 45,5 45,5, Santa Cruz, O'Higgins"";""VILCHES, Santa Cruz, O'Higgins"";"""";""Reparto propio"";"""";"""";"""";"""";"""";""Bridgestone, Ipone, Shinko, Monkey"";"""";"""""
"EXTREMOTO COMPRA Y VENTA DE REPUESTOS LUBRICANTP;""76090078-8"";""Cliente"";""3"";""Tienda de repuestos"";"""";"""";"""";"""";"""";"""";"""";""Retiro en tienda"";"""";"""";"""";"""";"""";""Monkey, Bridgestone"";"""";""Claudio Leclerc"""
"FABIO LEONARDO SAID RODOVALHO;""18160949-4"";""Cliente"";""3"";""Tienda de repuestos"";"""";""Metropolitana"";""Santiago"";"""";""Alonso de Cordova 5045, 1204, Santiago, Metropolitana"";""STARKEN, Santiago, Metropolitana"";"""";""Reparto propio"";"""";"""";"""";"""";"""";"""";"""";"""""
"FACTORY STORE SPA;""77382854-7"";""Cliente"";""3"";""Tienda de repuestos"";"""";"""";"""";"""";"""";"""";"""";""Retiro en tienda"";"""";"""";"""";"""";"""";""Ipone"";"""";"""""
"Felipe Andr?s Jodorkovsky Ventura;""18640996-5"";""Cliente"";""3"";""Tienda de repuestos"";"""";"""";"""";"""";"""";"""";"""";""Retiro en tienda"";"""";"""";"""";"""";"""";"""";"""";"""""
"FLAVIO SILVA;""17029193-K"";""Cliente"";""3"";""Tienda de repuestos"";"""";"""";"""";"""";"""";"""";"""";""Retiro en tienda"";"""";"""";"""";"""";"""";""Shinko"";"""";"""""
"FLO CABRERA;""78362549-0"";""Cliente"";""3"";""Tienda de repuestos"";"""";"""";"""";""+56973409487"";"""";"""";"""";""Retiro en tienda"";"""";"""";"""";"""";"""";""Bridgestone"";"""";"""""
"FOXER MOTORS SPA;""78242306-1"";""Cliente"";""3"";""Tienda de repuestos"";"""";"""";"""";"""";"""";"""";"""";""Retiro en tienda"";"""";"""";"""";"""";"""";""Ipone"";"""";""Sebastián Agusto"""
"FRANCISCA ANGEL RODRIGUEZ;""18982216-2"";""Cliente"";""3"";""Tienda de repuestos"";"""";"""";"""";"""";"""";"""";"""";""Retiro en tienda"";"""";"""";"""";"""";"""";""GT-Oil, Ipone"";"""";"""""
"FRANCISCO EDUARDO ARAYA MORAGA;""18056467-5"";""Cliente"";""3"";""Tienda de repuestos"";"""";"""";"""";"""";"""";"""";"""";""Retiro en tienda"";"""";"""";"""";"""";"""";""Ipone"";"""";"""""
"FRANCISCO JAVIER ANGEL ARAYA;""17828353-7"";""Cliente"";""3"";""Tienda de repuestos"";"""";"""";"""";"""";"""";"""";"""";""Retiro en tienda"";"""";"""";"""";"""";"""";""Ipone"";"""";"""""
"FRANCISCO MAURICIO GUZMAN SEPULVEDA;""10219263-K"";""Cliente"";""3"";""Tienda de repuestos"";"""";""Biobío"";""Los Angeles"";""56 9 98473216"";""Galvarino 355, Los Angeles, Biobío"";"""";"""";""Retiro en tienda"";"""";"""";""Francisco Mauricio Guzman"";"""";"""";""Ipone, Shinko, Monkey"";"""";""Claudio Leclerc"""
"FRANCO PETROWITSCH LOPEZ;""19690068-3"";""Cliente"";""3"";""Tienda de repuestos"";"""";"""";"""";"""";"""";"""";"""";""Retiro en tienda"";"""";"""";"""";"""";"""";""Ipone, Motoz, Monkey"";"""";"""""
"FRITZ MOTOSTORE SPA;""77132766-4"";""Cliente"";""3"";""Tienda de repuestos"";"""";"""";"""";"""";"""";"""";"""";""Retiro en tienda"";"""";"""";"""";"""";"""";""Shinko, Monkey, Ipone"";"""";""Claudio Leclerc"""
"FUENZALIDA LARRAIN SPA;""77190996-5"";""Cliente"";""3"";""Tienda de repuestos"";"""";"""";"""";"""";"""";"""";"""";""Retiro en tienda"";"""";"""";"""";"""";"""";""Gibson, Shinko"";"""";"""""
"FUNDACION REINVENTARSE;""65070018-K"";""Cliente"";""3"";""Tienda de repuestos"";"""";"""";"""";"""";"""";"""";"""";""Retiro en tienda"";"""";"""";"""";"""";"""";""Ipone"";"""";"""""
"FUNTEC SERVICIOS SPA;""76366613-1"";""Cliente"";""3"";""Tienda de repuestos"";"""";"""";"""";"""";"""";"""";"""";""Retiro en tienda"";"""";"""";"""";"""";"""";""Ipone"";"""";"""""
"GABRIEL BALUT GALEB;""17117419-8"";""Cliente"";""3"";""Tienda de repuestos"";"""";"""";"""";"""";"""";"""";"""";""Retiro en tienda"";"""";"""";"""";"""";"""";""Motoz"";"""";"""""
"GABRIEL PAREDES GALLARDO;""21837107-8"";""Cliente"";""3"";""Tienda de repuestos"";"""";"""";"""";""+56986922691"";"""";"""";"""";""Retiro en tienda"";"""";"""";"""";"""";"""";"""";"""";"""""
"GALGA PUBLICIDAD SPA;""77828727-7"";""Cliente"";""3"";""Tienda de repuestos"";"""";"""";"""";"""";"""";"""";"""";""Retiro en tienda"";"""";"""";"""";"""";"""";""Shinko"";"""";"""""
"GB MOTORSPORT SPA;""78016947-8"";""Cliente"";""3"";""Tienda de repuestos"";"""";"""";"""";"""";"""";"""";"""";""Retiro en tienda"";"""";"""";"""";"""";"""";""Ipone, Bridgestone"";"""";"""""
"GC INVERSIONES SPA;""77717091-0"";""Cliente"";""3"";""Tienda de repuestos"";""Tienda"";"""";""Macul"";""+56 9 3705 7246"";""Exequiel Fernández 2995, Macul, Chile 2995, Macul"";"""";"""";""Retiro en tienda"";"""";"""";""Noel"";"""";"""";""Bridgestone, Gibson, Ipone, Motoz, Shinko, Monkey"";"""";"""""
"GERARDO ANTONIO VALDES ABARCA;""9814852-3"";""Cliente"";""3"";""Tienda de repuestos"";"""";"""";"""";"""";"""";"""";"""";""Retiro en tienda"";"""";"""";"""";"""";"""";""Gibson, Ipone, Monkey"";"""";""Claudio Leclerc"""
"GERMAIN CASTILLO MARIN;""13807030-1"";""Cliente"";""3"";""Tienda de repuestos"";"""";"""";"""";"""";"""";"""";"""";""Retiro en tienda"";"""";"""";"""";"""";"""";""Ipone"";"""";"""""
"GERMAN EDUARDO VARAS CASTRO;""15091273-3"";""Cliente"";""3"";""Tienda de repuestos"";"""";"""";"""";"""";"""";"""";"""";""Retiro en tienda"";"""";"""";"""";"""";"""";""Gibson, Ipone"";"""";"""""
"GERMAN LYON;""12232474-5"";""Cliente"";""3"";""Tienda de repuestos"";"""";"""";"""";"""";"""";"""";"""";""Retiro en tienda"";"""";"""";"""";"""";"""";""Ipone"";"""";"""""
"GERMANIA SPA;""77047847-2"";""Cliente"";""3"";""Tienda de repuestos"";"""";""Metropolitana"";""Independencia"";"""";""AV. FERMIN VIVACETA 761, Independencia, Metropolitana"";"""";"""";""Retiro en tienda"";"""";"""";"""";"""";"""";""Ipone"";"""";""Sebastián Agusto"""
"GLENN ALEX BURNS DACRE;""6692529-3"";""Cliente"";""3"";""Tienda de repuestos"";"""";"""";"""";"""";"""";"""";"""";""Retiro en tienda"";"""";"""";"""";"""";"""";"""";"""";"""""
"GONZALO DAVID TORRES CASTILLO;""18350932-2"";""Cliente"";""3"";""Tienda de repuestos"";"""";"""";"""";"""";"""";"""";"""";""Retiro en tienda"";"""";"""";"""";"""";"""";""Ipone"";"""";"""""
"GONZALO NICOLAS HINOJOSA CASTILLO;""16767234-5"";""Cliente"";""3"";""Tienda de repuestos"";"""";"""";"""";"""";"""";"""";"""";""Retiro en tienda"";"""";"""";"""";"""";"""";""Ipone"";"""";""Claudio Leclerc"""
"GONZALO SEBASTI?N VALENZUELA FUENTES;""13306027-8"";""Cliente"";""3"";""Tienda de repuestos"";"""";"""";"""";"""";"""";"""";"""";""Retiro en tienda"";"""";"""";"""";"""";"""";""Ipone"";"""";"""""
"GOUET Y COMPANIA LIMITADA;""76101129-4"";""Cliente"";""3"";""Tienda de repuestos"";"""";"""";"""";"""";"""";"""";"""";""Retiro en tienda"";"""";"""";"""";"""";"""";""Ipone, Shinko"";"""";"""""
"GRIP ZONE COMERCIALIZADORA SPA;""77418648-4"";""Cliente"";""3"";""Tienda de repuestos"";"""";"""";"""";"""";"""";"""";"""";""Retiro en tienda"";"""";"""";"""";"""";"""";""Ipone"";"""";"""""
"GRUPO ANDINA INVERSIONES SPA;""77263833-7"";""Cliente"";""3"";""Tienda de repuestos"";"""";"""";"""";"""";"""";"""";"""";""Retiro en tienda"";"""";"""";"""";"""";"""";""Ipone"";"""";"""""
"GR?FICA MAGUILA LIMITADA;""76289893-4"";""Cliente"";""3"";""Tienda de repuestos"";"""";"""";"""";"""";"""";"""";"""";""Retiro en tienda"";"""";"""";"""";"""";"""";""Ipone, Motoz, Monkey"";"""";"""""
"GUILLERMO ANDRES TORRES ULLOA;""13341657-9"";""Cliente"";""3"";""Tienda de repuestos"";"""";"""";"""";"""";"""";"""";"""";""Retiro en tienda"";"""";"""";"""";"""";"""";""Gibson, Ipone, Monkey"";"""";"""""
"GUNAPURNA SPA;""77383771-6"";""Cliente"";""3"";""Tienda de repuestos"";"""";"""";"""";"""";"""";"""";"""";""Retiro en tienda"";"""";"""";"""";"""";"""";""Ipone, Motoz"";"""";"""""
"GUSTAVO ADOLFO SOTO REYES;""16701723-1"";""Cliente"";""3"";""Tienda de repuestos"";"""";"""";"""";"""";"""";"""";"""";""Retiro en tienda"";"""";"""";"""";"""";"""";"""";"""";"""""
"GUSTAVO ORELLANA;""15722012-8"";""Cliente"";""3"";""Tienda de repuestos"";"""";"""";"""";"""";"""";"""";"""";""Retiro en tienda"";"""";"""";"""";"""";"""";""Shinko"";"""";"""""
"GYP MOTOS;""76401911-3"";""Cliente"";""3"";""Tienda de repuestos"";"""";""Biobío"";""Concepcion"";"""";""Paicavi 1924, Concepcion, Biobío"";"""";"""";""Retiro en tienda"";"""";"""";"""";"""";"""";""Ipone, Motoz, Shinko, Monkey"";"""";""Claudio Leclerc"""
"HECTOR ANER OGAZ ROJAS COMERCIAL EIRL;""76798367-0"";""Cliente"";""3"";""Tienda de repuestos"";"""";"""";"""";"""";"""";"""";"""";""Retiro en tienda"";"""";"""";"""";"""";"""";"""";"""";"""""
"HECTOR ANTONIO RAMIREZ VASQUEZ;""12607745-9"";""Cliente"";""3"";""Tienda de repuestos"";"""";"""";"""";"""";"""";"""";"""";""Retiro en tienda"";"""";"""";"""";"""";"""";""Motoz, Shinko"";"""";"""""
"HECTOR HERNAN PARADIS BARRIENTOS;""10320285-K"";""Cliente"";""3"";""Tienda de repuestos"";"""";"""";"""";"""";"""";"""";"""";""Retiro en tienda"";"""";"""";"""";"""";"""";""Bridgestone, Motoz"";"""";"""""
"HENRY ALEXIS OJEDA LEIVA;""17657561-1"";""Cliente"";""3"";""Tienda de repuestos"";"""";"""";"""";"""";"""";"""";"""";""Retiro en tienda"";"""";"""";"""";"""";"""";""Monkey"";"""";""Claudio Leclerc"""
"Henyumak motos spa;""77856806-3"";""Cliente"";""3"";""Tienda de repuestos"";""Tienda"";""Tarapacá"";""Antofagasta"";""+56 9 8254 2870"";""Edmundo Pérez Zujovic 7330 7330, Antofagasta, Tarapacá"";"""";"""";""Retiro en tienda"";"""";"""";""HENRY BERENGUELA"";"""";"""";"""";"""";"""""
"HENYUMAK MOTOS SPA;""77856806-3"";""Cliente"";""3"";""Tienda de repuestos"";"""";"""";"""";"""";"""";"""";"""";""Retiro en tienda"";"""";"""";"""";"""";"""";"""";"""";"""""
"HERENCIA RIDES SPA;""77044799-2"";""Cliente"";""3"";""Tienda de repuestos"";"""";"""";"""";"""";"""";"""";"""";""Retiro en tienda"";"""";"""";"""";"""";"""";""Shinko"";"""";"""""
"HERNAN ANDRES ALVAYAY JOERGES, TALLER PARA VEHICUL;""76124823-5"";""Cliente"";""3"";""Tienda de repuestos"";"""";"""";"""";"""";"""";"""";"""";""Retiro en tienda"";"""";"""";"""";"""";"""";""Gibson, Motoz, Monkey"";"""";"""""
"HERNAN FERREIRA PRODUCCIONES SPA;""76255968-4"";""Cliente"";""3"";""Tienda de repuestos"";"""";"""";"""";"""";"""";"""";"""";""Retiro en tienda"";"""";"""";"""";"""";"""";""Gibson, Ipone, Shinko"";"""";"""""
"HERWIN ERNESTO VARAS GARRIDO;""12401209-0"";""Cliente"";""3"";""Tienda de repuestos"";"""";"""";"""";"""";"""";"""";"""";""Retiro en tienda"";"""";"""";"""";"""";"""";""Shinko"";"""";"""""
"HIGH QUALITY MOTORS LIMITADA;""76553045-8"";""Cliente"";""3"";""Tienda de repuestos"";"""";"""";"""";"""";"""";"""";"""";""Retiro en tienda"";"""";"""";"""";"""";"""";""Ipone"";"""";""Claudio Leclerc"""
"HIPERMARC S. A.;""96621750-2"";""Cliente"";""3"";""Tienda de repuestos"";"""";"""";"""";"""";"""";"""";"""";""Retiro en tienda"";"""";"""";"""";"""";"""";""Ipone"";"""";"""""
"HONDA MOTOR DE CHILE SA;""96870620-9"";""Cliente"";""3"";""Tienda de repuestos"";"""";"""";"""";"""";"""";"""";"""";""Retiro en tienda"";"""";"""";"""";"""";"""";""Bridgestone, Gibson, Motoz, Shinko"";"""";"""""
"HPPLUS SPA;""76868912-1"";""Cliente"";""3"";""Tienda de repuestos"";"""";"""";"""";"""";"""";"""";"""";""Retiro en tienda"";"""";"""";"""";"""";"""";""Shinko"";"""";"""""
"HUASO CHOPPERS SPA;""77233881-3"";""Cliente"";""3"";""Tienda de repuestos"";"""";"""";"""";"""";"""";"""";"""";""Retiro en tienda"";"""";"""";"""";"""";"""";""Shinko"";"""";"""""
"I.E.F. CHILE SPA;""76014315-4"";""Cliente"";""3"";""Tienda de repuestos"";"""";"""";"""";"""";"""";"""";"""";""Retiro en tienda"";"""";"""";"""";"""";"""";""Ipone"";"""";"""""
"IGNACIO ALFONSO FUENTEALBA TORRES;""19597920-0"";""Cliente"";""3"";""Tienda de repuestos"";"""";"""";"""";"""";"""";"""";"""";""Retiro en tienda"";"""";"""";"""";"""";"""";""Ipone"";"""";"""""
"IGNACIO CORTES;""19767572-1"";""Cliente"";""3"";""Tienda de repuestos"";"""";"""";"""";"""";"""";"""";"""";""Retiro en tienda"";"""";"""";"""";"""";"""";""Shinko"";"""";"""""
"IGNACIO MUÑOZ RIVAS MOTOS EIRL;""76605847-7"";""Cliente"";""3"";""Tienda de repuestos"";"""";"""";"""";"""";"""";"""";"""";""Retiro en tienda"";"""";"""";"""";"""";"""";"""";"""";"""""
"IMPORTADORA ATV-STORE SPA;""76978355-5"";""Cliente"";""3"";""Tienda de repuestos"";"""";"""";"""";"""";"""";"""";"""";""Retiro en tienda"";"""";"""";"""";"""";"""";""Monkey"";"""";""Claudio Leclerc"""
"IMPORTADORA CORSE SPA;""76923897-2"";""Cliente"";""3"";""Tienda de repuestos"";"""";"""";"""";""+56229553061"";"""";"""";"""";""Retiro en tienda"";"""";"""";"""";"""";"""";""Ipone"";"""";"""""
"IMPORTADORA DOFREX STORE SPA;""77381017-6"";""Cliente"";""3"";""Tienda de repuestos"";"""";""Metropolitana"";""Lo Espejo"";""+56964674554"";""PEDRO ADOLFO LOPEZ MATEO 01951, Lo Espejo, Metropolitana"";"""";"""";""Retiro en tienda"";"""";"""";""SANDY"";"""";"""";""Ipone"";"""";"""""
"IMPORTADORA GLOBALPJ SPA;""78137004-5"";""Cliente"";""3"";""Tienda de repuestos"";"""";"""";"""";"""";"""";"""";"""";""Retiro en tienda"";"""";"""";"""";"""";"""";""Ipone"";"""";"""""
"IMPORTADORA OXS LIMITADA;""76224568-K"";""Cliente"";""3"";""Tienda de repuestos"";"""";"""";"""";"""";"""";"""";"""";""Retiro en tienda"";"""";"""";"""";"""";"""";""Ipone"";"""";"""""
"IMPORTADORA TODOMOTO SPA;""76084100-5"";""Cliente"";""3"";""Tienda de repuestos"";"""";"""";"""";"""";"""";"""";"""";""Retiro en tienda"";"""";"""";"""";"""";"""";""Ipone, Shinko"";"""";""Claudio Leclerc"""
"IMPORTADORA Y COMERCIALIZADORA CAR DETAILING SPA;""77305502-5"";""Cliente"";""3"";""Tienda de repuestos"";"""";"""";"""";"""";"""";"""";"""";""Retiro en tienda"";"""";"""";"""";"""";"""";""Ipone"";"""";"""""
"IMPORTADORA Y COMERCIALIZADORA GALLARDO PARRAGUEZA;""76809382-2"";""Cliente"";""3"";""Tienda de repuestos"";"""";"""";"""";"""";"""";"""";"""";""Retiro en tienda"";"""";"""";"""";"""";"""";""GT-Oil, Ipone, Monkey"";"""";""Claudio Leclerc"""
"IMPORTADORA Y COMERCIALIZADORA LUIS  LEYTON CORREA;""76442896-K"";""Cliente"";""3"";""Tienda de repuestos"";"""";"""";"""";"""";"""";"""";"""";""Retiro en tienda"";"""";"""";"""";"""";"""";""GT-Oil, Ipone, Monkey"";"""";"""""
"IMPORTADORA Y DISTRIBUIDORA DE REPUESTOS VIWIS SPA;""77530813-3"";""Cliente"";""3"";""Tienda de repuestos"";"""";"""";"""";"""";"""";"""";"""";""Retiro en tienda"";"""";"""";"""";"""";"""";""Ipone"";"""";"""""
"IMPORTADORA Y DISTRIBUIDORA DE REPUESTOS WILLIAMS;""78077926-8"";""Cliente"";""3"";""Tienda de repuestos"";"""";"""";"""";"""";"""";"""";"""";""Retiro en tienda"";"""";"""";"""";"""";"""";""Ipone"";"""";""Claudio Leclerc"""
"IMPORTADORA Y DISTRIBUIDORA VIGA MOTOS SPA;""76776166-K"";""Cliente"";""3"";""Tienda de repuestos"";"""";"""";"""";"""";"""";"""";"""";""Retiro en tienda"";"""";"""";"""";"""";"""";""Ipone, Monkey"";"""";""Claudio Leclerc"""
"ingenieria y construcciones innos spa;""76853703-8"";""Cliente"";""3"";""Tienda de repuestos"";"""";""Metropolitana"";""Providencia"";""+56973878542"";""nueva providencia 1860, of 32, Providencia, Metropolitana"";"""";"""";""Retiro en tienda"";"""";"""";"""";"""";"""";""Motoz, Ipone"";"""";"""""
"INGENIER?A Y DISTRIBUCI?N SPA;""78226621-7"";""Cliente"";""3"";""Tienda de repuestos"";"""";"""";"""";"""";"""";"""";"""";""Retiro en tienda"";"""";"""";"""";"""";"""";""Ipone"";"""";"""""
"INSUMOS DE MOTO VALENTINA MORA E.I.R.L.;""77430046-5"";""Cliente"";""3"";""Tienda de repuestos"";"""";"""";"""";"""";"""";"""";"""";""Retiro en tienda"";"""";"""";"""";"""";"""";""Ipone"";"""";""Claudio Leclerc"""
"INVERMOTO SPA;""77114811-5"";""Cliente"";""3"";""Tienda de repuestos"";"""";"""";"""";"""";"""";"""";"""";""Retiro en tienda"";"""";"""";"""";"""";"""";""Ipone, Shinko"";"""";"""""
"INVERSIONES DUQUE SPA;""77281917-K"";""Cliente"";""3"";""Tienda de repuestos"";"""";"""";"""";"""";"""";"""";"""";""Retiro en tienda"";"""";"""";"""";"""";"""";""Ipone"";"""";""Sebastián Agusto"""
"INVERSIONES MADEVA SPA;""76956326-1"";""Cliente"";""3"";""Tienda de repuestos"";"""";"""";"""";""+56963943103"";"""";"""";"""";""Retiro en tienda"";"""";"""";"""";"""";"""";""Ipone"";"""";"""""
"INVERSIONES MAGUILA SPA;""77907465-K"";""Cliente"";""3"";""Tienda de repuestos"";"""";"""";"""";"""";"""";"""";"""";""Retiro en tienda"";"""";"""";"""";"""";"""";""Ipone, Bridgestone, Motoz, Shinko"";"""";"""""
"INVERSIONES MCLAP SPA;""77308067-4"";""Cliente"";""3"";""Tienda de repuestos"";"""";"""";"""";"""";"""";"""";"""";""Retiro en tienda"";"""";"""";"""";"""";"""";""Gibson"";"""";"""""
"Inversiones nyl spa;""77584158-3"";""Cliente"";""3"";""Tienda de repuestos"";"""";""Metropolitana"";""Cerro Navia"";""+56920433047"";""Av. Salvador Gutierrez 6378, Cerro Navia, Metropolitana"";"""";"""";""Retiro en tienda"";"""";"""";""Juan"";"""";"""";""Ipone"";"""";"""""
"Inversiones NYL Spa;""77.584.158-3"";""Cliente"";""3"";""Tienda de repuestos"";"""";"""";"""";""+56920433047"";"""";"""";"""";""Retiro en tienda"";"""";"""";"""";"""";"""";"""";"""";"""""
"INVERSIONES PEÑALOZA SPA;""78218196-3"";""Cliente"";""3"";""Tienda de repuestos"";"""";""Metropolitana"";""La Florida"";""+56950764182"";""SANTA RAQUEL 10252|, La Florida, Metropolitana"";"""";"""";""Retiro en tienda"";"""";"""";""DAVID PEÑALOZA"";"""";"""";""Ipone"";"""";"""""
"INVERSIONES PERRO H-D SPA;""77157869-1"";""Cliente"";""3"";""Tienda de repuestos"";"""";"""";"""";"""";"""";"""";"""";""Retiro en tienda"";"""";"""";"""";"""";"""";"""";"""";""Sebastián Agusto"""
"INVERSIONES PK SPA;""77671455-0"";""Cliente"";""3"";""Tienda de repuestos"";"""";"""";"""";"""";"""";"""";"""";""Retiro en tienda"";"""";"""";"""";"""";"""";"""";"""";"""""
"INVERSIONES SM SPA;""77560419-0"";""Cliente"";""3"";""Tienda de repuestos"";"""";"""";"""";"""";"""";"""";"""";""Retiro en tienda"";"""";"""";"""";"""";"""";""Ipone, Monkey"";"""";""Sebastián Agusto"""
"INVERSIONES VALKIRIA SPA;""76791216-1"";""Cliente"";""3"";""Tienda de repuestos"";"""";"""";"""";"""";"""";"""";"""";""Retiro en tienda"";"""";"""";"""";"""";"""";""Bridgestone, Monkey"";"""";"""""
"Inversiones y Comercializadora R&R SPA;""77.312.825-1"";""Cliente"";""3"";""Tienda de repuestos"";"""";""O'Higgins"";""San Fernando"";""+56 9 89478668"";""Bernardo O´higgins 116 Local 11, San Fernando, O'Higgins"";"""";"""";""Retiro en tienda"";"""";"""";""Rodrigo Peña"";"""";"""";""Ipone"";"""";"""""
"INVERSIONES Y LOG?STICA FL SPA;""77062939-K"";""Cliente"";""3"";""Tienda de repuestos"";"""";"""";"""";"""";"""";"""";"""";""Retiro en tienda"";"""";"""";"""";"""";"""";""Ipone, Bridgestone"";"""";"""""
"INVERSIONES Y TRANSPORTES XC LIMITADA;""76052973-7"";""Cliente"";""3"";""Tienda de repuestos"";"""";""Metropolitana"";""Maipu"";"""";""VICENTE REYES 650, MAIPU, Maipu, Metropolitana"";"""";"""";""Retiro en tienda"";"""";"""";"""";"""";"""";""Bridgestone, Ipone, Monkey, Motoz, Gibson, Shinko"";"""";"""""
"INVERSIONES Y&M SPA;""76963913-6"";""Cliente"";""3"";""Tienda de repuestos"";"""";"""";"""";"""";"""";"""";"""";""Retiro en tienda"";"""";"""";"""";"""";"""";"""";"""";"""""
"INVERSIONES ZONA ENDURO SPA;""77440947-5"";""Cliente"";""3"";""Tienda de repuestos"";"""";"""";"""";"""";"""";"""";"""";""Retiro en tienda"";"""";"""";"""";"""";"""";""Ipone, Shinko"";"""";""Claudio Leclerc"""
"ISAYI MOTORBIKE SPA;""77502575-1"";""Cliente"";""3"";""Tienda de repuestos"";"""";"""";"""";"""";"""";"""";"""";""Retiro en tienda"";"""";"""";"""";"""";"""";""Bridgestone, Ipone"";"""";"""""
"IVAN ALEXIS ZEPEDA ARANCIBIA;""16400916-5"";""Cliente"";""3"";""Tienda de repuestos"";"""";"""";"""";"""";"""";"""";"""";""Retiro en tienda"";"""";"""";"""";"""";"""";""Gibson, Ipone, Monkey"";"""";"""""
"IVAN FEDIUNIN;""48226093-4"";""Cliente"";""3"";""Tienda de repuestos"";"""";"""";"""";"""";"""";"""";"""";""Retiro en tienda"";"""";"""";"""";"""";"""";""Shinko"";"""";"""""
"IVANIA AIDA ECHEVERRIA CONTRERAS;""16077987-K"";""Cliente"";""3"";""Tienda de repuestos"";"""";"""";"""";"""";"""";"""";"""";""Retiro en tienda"";"""";"""";"""";"""";"""";"""";"""";"""""
"JACOB B?EZ GONZ?LEZ E.I.R.L.;""77273637-1"";""Cliente"";""3"";""Tienda de repuestos"";"""";"""";"""";"""";"""";"""";"""";""Retiro en tienda"";"""";"""";"""";"""";"""";""Ipone"";"""";""Sebastián Agusto"""
"JACQUELINE DEL PILAR TOLEDO NUNEZ;""9175533-5"";""Cliente"";""3"";""Tienda de repuestos"";"""";"""";"""";"""";"""";"""";"""";""Retiro en tienda"";"""";"""";"""";"""";"""";""GT-Oil, Ipone"";"""";""Claudio Leclerc"""
"JAIME ANDRES ARMENGOLLI FERRER;""12868667-3"";""Cliente"";""3"";""Tienda de repuestos"";"""";"""";"""";"""";"""";"""";"""";""Retiro en tienda"";"""";"""";"""";"""";"""";""Motoz"";"""";"""""
"JAPO MOTO;""77952876-6"";""Cliente"";""3"";""Tienda de repuestos"";"""";""Metropolitana"";""Quilicura"";""+56965348791"";""Av. Lo Marcoleta 192, Quilicura, Metropolitana"";"""";"""";""Retiro en tienda"";"""";"""";"""";"""";"""";""Ipone"";"""";""Sebastián Agusto"""
"JAPO MOTOS;""77.952.876-6"";""Cliente"";""3"";""Tienda de repuestos"";"""";"""";"""";""+569 65348791"";"""";"""";"""";""Retiro en tienda"";"""";"""";"""";"""";"""";""Ipone"";"""";"""""
"JAVIER ALBERTO SOTO VIVANCO;""17165840-3"";""Cliente"";""3"";""Tienda de repuestos"";"""";"""";"""";"""";"""";"""";"""";""Retiro en tienda"";"""";"""";"""";"""";"""";"""";"""";"""""
"JAVIER ALEJANDRO PALACIOS AVILA;""15815022-0"";""Cliente"";""3"";""Tienda de repuestos"";"""";"""";"""";"""";"""";"""";"""";""Retiro en tienda"";"""";"""";"""";"""";"""";""GT-Oil, Ipone, Monkey"";"""";"""""
"JAVIER ALEJANDRO RIGUERO DEMIERRE;""17266205-6"";""Cliente"";""3"";""Tienda de repuestos"";"""";"""";"""";"""";"""";"""";"""";""Retiro en tienda"";"""";"""";"""";"""";"""";""Shinko"";"""";"""""
"JAVIER ANDRES COLLAO SICKERT;""16210197-8"";""Cliente"";""3"";""Tienda de repuestos"";"""";"""";"""";"""";"""";"""";"""";""Retiro en tienda"";"""";"""";"""";"""";"""";""Monkey"";"""";"""""
"JAVIER IGLESIS BUCHANAN;""8132280-5"";""Cliente"";""3"";""Tienda de repuestos"";"""";"""";"""";"""";"""";"""";"""";""Retiro en tienda"";"""";"""";"""";"""";"""";""Shinko"";"""";"""""
"JAVIER IGNACIO ESPINA ROSSEL;""16129060-2"";""Cliente"";""3"";""Tienda de repuestos"";"""";"""";"""";"""";"""";"""";"""";""Retiro en tienda"";"""";"""";"""";"""";"""";""Motoz, Shinko"";"""";"""""
"JAVIER ORTIZ;""10823402-4"";""Cliente"";""3"";""Tienda de repuestos"";"""";"""";"""";""+56994232018"";"""";"""";"""";""Retiro en tienda"";"""";"""";"""";"""";"""";""Ipone"";"""";"""""
"JAVIER SANTIAGO VALENZUELA CORDERO;""19135355-2"";""Cliente"";""3"";""Tienda de repuestos"";"""";"""";"""";"""";"""";"""";"""";""Retiro en tienda"";"""";"""";"""";"""";"""";""Shinko"";"""";"""""
"JAVIERA VALENTINA VERA VALDIVIA;""17703095-3"";""Cliente"";""3"";""Tienda de repuestos"";"""";"""";"""";"""";"""";"""";"""";""Retiro en tienda"";"""";"""";"""";"""";"""";""Ipone"";"""";"""""
"JCJ SOLUTIONS SPA;""78338133-8"";""Cliente"";""3"";""Tienda de repuestos"";"""";"""";"""";""+56987335287"";"""";"""";"""";""Retiro en tienda"";"""";"""";"""";"""";"""";""Bridgestone"";"""";"""""
"JEAN ALEXANDER ANWANDTER BRAUN;""7620965-0"";""Cliente"";""3"";""Tienda de repuestos"";"""";"""";"""";"""";"""";"""";"""";""Retiro en tienda"";"""";"""";"""";"""";"""";"""";"""";"""""
"JEAN DANIEL CISTERNAS PEREZ;""18688833-2"";""Cliente"";""3"";""Tienda de repuestos"";"""";"""";"""";"""";"""";"""";"""";""Retiro en tienda"";"""";"""";"""";"""";"""";"""";"""";"""""
"JEAN PAUL CASTRO CORNEJO;""15400906-K"";""Cliente"";""3"";""Tienda de repuestos"";"""";"""";"""";"""";"""";"""";"""";""Retiro en tienda"";"""";"""";"""";"""";"""";""Ipone"";"""";"""""
"JEREMY BENJAMIN LORCA CANUI?IR;""20971832-4"";""Cliente"";""3"";""Tienda de repuestos"";"""";"""";"""";"""";"""";"""";"""";""Retiro en tienda"";"""";"""";"""";"""";"""";""Ipone"";"""";"""""
"JJ MOTOPARTS SPA;""77983842-0"";""Cliente"";""3"";""Tienda de repuestos"";"""";""Metropolitana"";""La Cisterna"";""+569 27350451"";""Santa Clara 18 L.18, La Cisterna, Metropolitana"";"""";"""";""Retiro en tienda"";"""";"""";""Jose"";"""";"""";""Monkey, Ipone"";"""";""Claudio Leclerc"""
"JJR MOTOS CHILE SPA;""76970106-0"";""Cliente"";""3"";""Tienda de repuestos"";"""";""Metropolitana"";""Santiago"";""+56 936401886"";""Doctor Brunner 630, Santiago, Metropolitana"";"""";"""";""Retiro en tienda"";"""";"""";""JESSICA"";"""";"""";""Shinko"";"""";"""""
"JOAQUIN MU?OZ;""21225370-7"";""Cliente"";""3"";""Tienda de repuestos"";"""";"""";"""";"""";"""";"""";"""";""Retiro en tienda"";"""";"""";"""";"""";"""";""Ipone"";"""";"""""
"JONATHAN DAZA;""19295016-3"";""Cliente"";""3"";""Tienda de repuestos"";"""";"""";"""";"""";"""";"""";"""";""Retiro en tienda"";"""";"""";"""";"""";"""";""Ipone"";"""";"""""
"JONATHAN EULOGIO TOBAR VALLADARES;""14383383-6"";""Cliente"";""3"";""Tienda de repuestos"";"""";"""";"""";"""";"""";"""";"""";""Retiro en tienda"";"""";"""";"""";"""";"""";""Shinko"";"""";"""""
"JORGE DANIEL RODRIGUEZ ARCIA;""26976058-3"";""Cliente"";""3"";""Tienda de repuestos"";"""";"""";"""";"""";"""";"""";"""";""Retiro en tienda"";"""";"""";"""";"""";"""";"""";"""";"""""
"Jorge Jonathan Araneda Carrasco;""17139428-7"";""Cliente"";""3"";""Tienda de repuestos"";"""";"""";"""";"""";"""";"""";"""";""Retiro en tienda"";"""";"""";"""";"""";"""";"""";"""";"""""
"JOSE ARAUJO;""26869719-5"";""Cliente"";""3"";""Tienda de repuestos"";"""";"""";"""";"""";"""";"""";"""";""Retiro en tienda"";"""";"""";"""";"""";"""";""Ipone"";"""";"""""
"JOSE ISAAC SALDIAS MARCHANT;""15164822-3"";""Cliente"";""3"";""Tienda de repuestos"";"""";"""";"""";"""";"""";"""";"""";""Retiro en tienda"";"""";"""";"""";"""";"""";""Shinko"";"""";"""""
"JOSE LUIS VENDER ACEVEDO;""12884662-K"";""Cliente"";""3"";""Tienda de repuestos"";"""";"""";"""";"""";"""";"""";"""";""Retiro en tienda"";"""";"""";"""";"""";"""";"""";"""";"""""
"JOSE MANUEL ROGERS;""5921804-2"";""Cliente"";""3"";""Tienda de repuestos"";"""";""La Araucanía"";""Pucon"";""99047 2277"";""SUCURSAL PUCON, Pucon, La Araucanía"";"""";"""";""Retiro en tienda"";"""";"""";""JOSE MANUEL ROGERS"";"""";"""";""Bridgestone"";"""";"""""
"JUAN ANDRES ESTRADA ALFARO;""15613494-5"";""Cliente"";""3"";""Tienda de repuestos"";"""";"""";"""";"""";"""";"""";"""";""Retiro en tienda"";"""";"""";"""";"""";"""";""Bridgestone"";"""";"""""
"JUAN ANTONIO ARRIAGADA STUARDO;""13113885-7"";""Cliente"";""3"";""Tienda de repuestos"";"""";"""";"""";"""";"""";"""";"""";""Retiro en tienda"";"""";"""";"""";"""";"""";""Motoz"";"""";"""""
"JUAN CARLOS MARTINEZ MADGE;""18638784-8"";""Cliente"";""3"";""Tienda de repuestos"";"""";"""";"""";"""";"""";"""";"""";""Retiro en tienda"";"""";"""";"""";"""";"""";""Gibson, Monkey"";"""";"""""
"JUAN CARLOS PITO VALDES;""17212399-6"";""Cliente"";""3"";""Tienda de repuestos"";"""";"""";"""";""+56966094906"";"""";"""";"""";""Retiro en tienda"";"""";"""";"""";"""";"""";""Bridgestone"";"""";"""""
"JUAN CRISTOBAL MOSSO KRUUSE;""12853722-8"";""Cliente"";""3"";""Tienda de repuestos"";"""";"""";"""";"""";"""";"""";"""";""Retiro en tienda"";"""";"""";"""";"""";"""";"""";"""";"""""
"JUAN EDUARDO ESTEBAN QUIROZ AHUMADA;""17596962-4"";""Cliente"";""3"";""Tienda de repuestos"";"""";"""";"""";"""";"""";"""";"""";""Retiro en tienda"";"""";"""";"""";"""";"""";""Bridgestone"";"""";"""""
"JUAN ESCUDERO CALABRAN;""9971189-2"";""Cliente"";""3"";""Tienda de repuestos"";"""";"""";"""";"""";"""";"""";"""";""Retiro en tienda"";"""";"""";"""";"""";"""";""Bridgestone, Ipone, Motoz, Monkey"";"""";"""""
"JUAN FRANCISCO GOMEZ;""14114444-8"";""Cliente"";""3"";""Tienda de repuestos"";"""";"""";"""";"""";"""";"""";"""";""Retiro en tienda"";"""";"""";"""";"""";"""";""Shinko"";"""";"""""
"JUAN GUILLERMO ESCUDERO SPA;""77469077-8"";""Cliente"";""3"";""Tienda de repuestos"";"""";"""";"""";"""";"""";"""";"""";""Retiro en tienda"";"""";"""";"""";"""";"""";""Gibson, Ipone, Motoz, Shinko, Monkey"";"""";"""""
"JUAN PABLO MUNOZ ESPINOZA;""13600276-7"";""Cliente"";""3"";""Tienda de repuestos"";"""";""Maule"";""Linares"";"""";""Avenida Ramon Olate 1006, local F -G, Linares, Maule"";"""";"""";""Retiro en tienda"";"""";"""";"""";"""";"""";"""";"""";"""""
"JUAN PABLO NAVARRO;""19503344-7"";""Cliente"";""3"";""Tienda de repuestos"";"""";"""";"""";"""";"""";"""";"""";""Retiro en tienda"";"""";"""";"""";"""";"""";""GT-Oil, Ipone, Monkey"";"""";"""""
"JUAN PABLO VERGARA CASTRO;""10584187-6"";""Cliente"";""3"";""Tienda de repuestos"";"""";"""";"""";"""";"""";"""";"""";""Retiro en tienda"";"""";"""";"""";"""";"""";"""";"""";"""""
"JUAN RAUL JAQUE PASTEN;""11822570-8"";""Cliente"";""3"";""Tienda de repuestos"";"""";""Coquimbo"";""Coquimbo"";""56 9 9886 4974"";""Avda geronimo mendez 916, Coquimbo, Coquimbo"";"""";"""";""Retiro en tienda"";"""";"""";""JUAN RAUL JAQUE PASTEN"";"""";"""";""Motoz, Ipone"";"""";"""""
"JUVENAL ALBERTO DIAZ NYBORG;""9228854-4"";""Cliente"";""3"";""Tienda de repuestos"";"""";"""";"""";"""";"""";"""";"""";""Retiro en tienda"";"""";"""";"""";"""";"""";"""";"""";"""""
"KAM MOTORCYCLES SPA;""78381788-8"";""Cliente"";""3"";""Tienda de repuestos"";""Taller"";""Metropolitana"";""Providencia"";""+56981857882"";""Av. Francisco Bilbao 583, Providencia, Metropolitana"";"""";"""";""Retiro en tienda"";"""";"""";""BASTIAN FAUNDEZ"";"""";"""";""Ipone"";"""";"""""
"Kaori Rodriguez;""17010492-7"";""Cliente"";""3"";""Tienda de repuestos"";"""";""Metropolitana"";""La Florida"";""+56949955143"";""Santa Raquel 10313, La Florida, Metropolitana"";"""";"""";""Retiro en tienda"";"""";"""";"""";"""";"""";""Ipone"";"""";"""""
"KATHERINE DORIA;""17427481-9"";""Cliente"";""3"";""Tienda de repuestos"";"""";"""";"""";"""";"""";"""";"""";""Retiro en tienda"";"""";"""";"""";"""";"""";""Gibson"";"""";"""""
"KAVALERA?S BIKES SPA;""77940396-3"";""Cliente"";""3"";""Tienda de repuestos"";"""";"""";"""";"""";"""";"""";"""";""Retiro en tienda"";"""";"""";"""";"""";"""";""Shinko, Ipone, Monkey"";"""";"""""
"KENDRA NAHIA IRIBARREN G?MEZ;""19712752-K"";""Cliente"";""3"";""Tienda de repuestos"";"""";"""";"""";"""";"""";"""";"""";""Retiro en tienda"";"""";"""";"""";"""";"""";""Ipone"";"""";"""""
"KLM SPA;""76780421-0"";""Cliente"";""3"";""Tienda de repuestos"";"""";"""";"""";"""";"""";"""";"""";""Retiro en tienda"";"""";"""";"""";"""";"""";""Ipone"";"""";"""""
"LA BALIZA MC SPA;""77890215-K"";""Cliente"";""3"";""Tienda de repuestos"";"""";"""";"""";"""";"""";"""";"""";""Retiro en tienda"";"""";"""";"""";"""";"""";""Monkey, Ipone, Bridgestone"";"""";""Claudio Leclerc"""
"LA CASA DE LA MOTO;""14202039-4"";""Cliente"";""3"";""Tienda de repuestos"";"""";"""";"""";"""";"""";"""";"""";""Retiro en tienda"";"""";"""";"""";"""";"""";""Gibson, Ipone"";"""";"""""
"LA CASA DE LA MOTO SPA;""78236835-4"";""Cliente"";""3"";""Tienda de repuestos"";"""";"""";"""";"""";"""";"""";"""";""Retiro en tienda"";"""";"""";"""";"""";"""";""Ipone"";"""";""Claudio Leclerc"""
"LEON MAQUINARIA LIMITADA;""76433029-3"";""Cliente"";""3"";""Tienda de repuestos"";"""";"""";"""";""+56997337712"";"""";"""";"""";""Retiro en tienda"";"""";"""";"""";"""";"""";""Bridgestone"";"""";"""""
"LEONARDO BRAVO;""17026926-8"";""Cliente"";""3"";""Tienda de repuestos"";"""";"""";"""";"""";"""";"""";"""";""Retiro en tienda"";"""";"""";"""";"""";"""";""Shinko"";"""";"""""
"LEONARDO MORALES ALVARES;""13744701-0"";""Cliente"";""3"";""Tienda de repuestos"";"""";"""";"""";"""";"""";"""";"""";""Retiro en tienda"";"""";"""";"""";"""";"""";""Ipone"";"""";"""""
"LOGISTICAS RAMOS SPA;""77589319-2"";""Cliente"";""3"";""Tienda de repuestos"";"""";"""";""Quinta Normal"";""+56 9 2208 1638"";""Gaspar de Orense 960, Quinta Normal 960, Quinta Normal"";"""";"""";""Retiro en tienda"";"""";"""";""JOSE RAMOS"";"""";"""";""Bridgestone, Ipone, Shinko"";"""";"""""
"LOUIS ARTHUR ABD-EL KADER PEEBLES;""8338156-6"";""Cliente"";""3"";""Tienda de repuestos"";"""";"""";"""";"""";"""";"""";"""";""Retiro en tienda"";"""";"""";"""";"""";"""";""Gibson, Shinko"";"""";"""""
"LUBRICENTRO G Y M SPA;""78.390.414-4"";""Cliente"";""3"";""Tienda de repuestos"";"""";""Metropolitana"";""Padre Hurtado"";""56 9 54885533"";""Brasilia 2414 LB, Padre Hurtado, Metropolitana"";"""";"""";""Retiro en tienda"";"""";"""";""Eduardo Gomez M"";"""";"""";""Ipone"";"""";"""""
"LUBRICENTRO VICTOR MORA ESTEBAN VINCHENZZO VICTOR;""77220478-7"";""Cliente"";""3"";""Tienda de repuestos"";"""";"""";"""";"""";"""";"""";"""";""Retiro en tienda"";"""";"""";"""";"""";"""";""Ipone"";"""";"""""
"LUBRICLETA SPA;""77651679-1"";""Cliente"";""3"";""Tienda de repuestos"";"""";"""";"""";""+56991873408"";"""";"""";"""";""Retiro en tienda"";"""";"""";""Salvador Mundaca"";"""";"""";""Gibson, GT-Oil, Ipone, Shinko, Monkey"";"""";"""""
"LUBRIMOTO L.A. SPA;""77348263-2"";""Cliente"";""3"";""Tienda de repuestos"";"""";"""";"""";"""";"""";"""";"""";""Retiro en tienda"";"""";"""";"""";"""";"""";""Ipone, Monkey"";"""";""Claudio Leclerc"""
"LUIS ALFREDO LYNCH VERDEJO;""7412612-K"";""Cliente"";""3"";""Tienda de repuestos"";"""";"""";"""";"""";"""";"""";"""";""Retiro en tienda"";"""";"""";"""";"""";"""";""Ipone, Monkey"";"""";"""""
"LUIS GONZALO REYES SILVA;""14108656-1"";""Cliente"";""3"";""Tienda de repuestos"";"""";"""";"""";"""";"""";"""";"""";""Retiro en tienda"";"""";"""";"""";"""";"""";""Monkey"";"""";"""""
"LUIS HUMBERTO AREVALO RIQUELME;""7053614-5"";""Cliente"";""3"";""Tienda de repuestos"";"""";"""";"""";"""";"""";"""";"""";""Retiro en tienda"";"""";"""";"""";"""";"""";"""";"""";"""""
"LUIS MARCHANT;""18479819-0"";""Cliente"";""3"";""Tienda de repuestos"";"""";"""";"""";"""";"""";"""";"""";""Retiro en tienda"";"""";"""";"""";"""";"""";""Ipone, Shinko"";"""";"""""
"LUIS NIBALDO FARIAS AGUILERA;""11388392-8"";""Cliente"";""3"";""Tienda de repuestos"";"""";"""";"""";"""";"""";"""";"""";""Retiro en tienda"";"""";"""";"""";"""";"""";""Monkey"";"""";"""""
"Lyon Servicios Limitada;""77092200-3"";""Cliente"";""3"";""Tienda de repuestos"";"""";"""";"""";""+56977492704"";"""";"""";"""";""Retiro en tienda"";"""";"""";""Pablo Diaz"";"""";"""";""Bridgestone, Ipone"";"""";"""""
"M Y R SPA;""78225312-3"";""Cliente"";""3"";""Tienda de repuestos"";"""";"""";"""";"""";"""";"""";"""";""Retiro en tienda"";"""";"""";"""";"""";"""";"""";"""";"""""
"M Y R SPA;""78.225.312-3"";""Cliente"";""3"";""Tienda de repuestos"";"""";"""";"""";""+56999416657"";"""";"""";"""";""Retiro en tienda"";"""";"""";"""";"""";"""";""Bridgestone"";"""";"""""
"MAICO SPORT;""78262780-5"";""Cliente"";""3"";""Tienda de repuestos"";""Taller"";""Metropolitana"";""Las Condes"";""+56 9 61082906"";""Avda Sebastian Piñera Echeñique 807, Las Condes, Metropolitana"";"""";"""";""Retiro en tienda"";"""";"""";""Maria"";"""";"""";""Ipone, Shinko"";"""";"""""
"MANTENCION Y REPARACION DE MOTOCICLETAS Y ACCESORO;""77260696-6"";""Cliente"";""3"";""Tienda de repuestos"";"""";"""";"""";"""";"""";"""";"""";""Retiro en tienda"";"""";"""";"""";"""";"""";""Shinko"";"""";"""""
"MANTENCI?N Y VENTA DE ACCESORIOS SEGUEL SPA;""77206533-7"";""Cliente"";""3"";""Tienda de repuestos"";"""";"""";"""";"""";"""";"""";"""";""Retiro en tienda"";"""";"""";"""";"""";"""";""Shinko"";"""";"""""
"MANUEL ALEJANDRO CASAS CORDERO PENA;""12368365-K"";""Cliente"";""3"";""Tienda de repuestos"";"""";"""";"""";"""";"""";"""";"""";""Retiro en tienda"";"""";"""";"""";"""";"""";""Shinko"";"""";"""""
"MANUEL ALEJANDRO QUIROZ BUSTOS;""17694911-2"";""Cliente"";""3"";""Tienda de repuestos"";"""";"""";"""";"""";"""";"""";"""";""Retiro en tienda"";"""";"""";"""";"""";"""";""Ipone"";"""";"""""
"MANUEL RODRIGUEZ 250;""16747363-6"";""Cliente"";""3"";""Tienda de repuestos"";"""";"""";"""";"""";"""";"""";"""";""Retiro en tienda"";"""";"""";"""";"""";"""";""Bridgestone, Ipone"";"""";"""""
"MARCELO ANTONIO CACERES DINAMARCA;""11672779-K"";""Cliente"";""3"";""Tienda de repuestos"";"""";"""";"""";"""";"""";"""";"""";""Retiro en tienda"";"""";"""";"""";"""";"""";""Shinko"";"""";"""""
"MARCELO DAMI?N GONZ?LEZ MADRID;""22382965-1"";""Cliente"";""3"";""Tienda de repuestos"";"""";"""";"""";"""";"""";"""";"""";""Retiro en tienda"";"""";"""";"""";"""";"""";""Ipone"";"""";"""""
"MARCO ANTONIO ROJAS SERRANO;""24032934-4"";""Cliente"";""3"";""Tienda de repuestos"";"""";"""";"""";"""";"""";"""";"""";""Retiro en tienda"";"""";"""";"""";"""";"""";""Shinko"";"""";"""""
"MARIA CECILIA;""20236848-4"";""Cliente"";""3"";""Tienda de repuestos"";"""";"""";"""";"""";"""";"""";"""";""Retiro en tienda"";"""";"""";"""";"""";"""";"""";"""";"""""
"MARIA FERNANDA GANGAS RAMIREZ;""15592327-K"";""Cliente"";""3"";""Tienda de repuestos"";"""";"""";"""";"""";"""";"""";"""";""Retiro en tienda"";"""";"""";"""";"""";"""";""Ipone"";"""";"""""
"MARIA LUISA MONTENEGRO OSORIO;""15060193-2"";""Cliente"";""3"";""Tienda de repuestos"";"""";"""";"""";"""";"""";"""";"""";""Retiro en tienda"";"""";"""";"""";"""";"""";""Ipone"";"""";"""""
"MARIO ANTONIO BARRERA VEGA;""13342189-0"";""Cliente"";""3"";""Tienda de repuestos"";"""";""Metropolitana"";""Buin"";""+56993418832"";""Villaseca 365 lote 2-2a, Buin, Metropolitana"";"""";"""";""Retiro en tienda"";"""";"""";""Mario Barrera"";"""";"""";""Motoz"";"""";"""""
"MARIO BUGUE?O DIAZ;""19300966-2"";""Cliente"";""3"";""Tienda de repuestos"";"""";"""";"""";"""";"""";"""";"""";""Retiro en tienda"";"""";"""";"""";"""";"""";""Ipone"";"""";"""""
"MARISOL MONTANARI VALDES;""9982568-5"";""Cliente"";""3"";""Tienda de repuestos"";"""";"""";"""";"""";"""";"""";"""";""Retiro en tienda"";"""";"""";"""";"""";"""";""Ipone"";"""";"""""
"MARTIN ORTEGA;""21764353-8"";""Cliente"";""3"";""Tienda de repuestos"";"""";"""";"""";"""";"""";"""";"""";""Retiro en tienda"";"""";"""";"""";"""";"""";""Ipone"";"""";"""""
"MAS MOTOS SPA;""77170718-1"";""Cliente"";""3"";""Tienda de repuestos"";"""";""Maule"";""Chillan"";""+56 9 7135 1518"";""Arturo Prat 928 928, Chillan, Maule"";"""";"""";""Retiro en tienda"";"""";"""";""DIEGO"";"""";"""";""Gibson, Shinko, Monkey, Motoz, Ipone, Bridgestone"";"""";"""""
"Mathias Bravo;""17533423-8"";""Cliente"";""3"";""Tienda de repuestos"";"""";"""";"""";"""";"""";"""";"""";""Retiro en tienda"";"""";"""";"""";"""";"""";"""";"""";"""""
"MATIAS ALEJANDRO ARANGUA ZELAYA;""9982619-3"";""Cliente"";""3"";""Tienda de repuestos"";"""";"""";"""";"""";"""";"""";"""";""Retiro en tienda"";"""";"""";"""";"""";"""";"""";"""";"""""
"MATIAS CERDA ALVADRO;""19558527-K"";""Cliente"";""3"";""Tienda de repuestos"";"""";"""";"""";""+56953495927"";""BULNES 235, EL MONTE"";"""";"""";""Retiro en tienda"";"""";"""";"""";"""";"""";""Bridgestone, Motoz, Shinko, Ipone"";"""";"""""
"MAURICIO DONNOSO;""9699160-6"";""Cliente"";""3"";""Tienda de repuestos"";"""";""Metropolitana"";""Recoleta"";""+56990224676"";""BELLAVISTA 231 RECOLETA, Recoleta, Metropolitana"";"""";"""";""Retiro en tienda"";"""";"""";"""";"""";"""";""Bridgestone, Motoz, Shinko, Ipone, Monkey"";"""";"""""
"MAURICIO LEZANO GARC?S;""10810020-6"";""Cliente"";""3"";""Tienda de repuestos"";"""";"""";"""";""+56 9 8283 3582"";"""";"""";"""";""Retiro en tienda"";"""";"""";""Mauricio Lezano Garcés"";"""";"""";""Motoz"";"""";"""""
"MAURICIO MARCOTTI;""13191578-0"";""Cliente"";""3"";""Tienda de repuestos"";"""";"""";"""";"""";"""";"""";"""";""Retiro en tienda"";"""";"""";"""";"""";"""";""Gibson"";"""";"""""
"MAX GALLASTEGUI;""21504678-8"";""Cliente"";""3"";""Tienda de repuestos"";"""";"""";"""";"""";"""";"""";"""";""Retiro en tienda"";"""";"""";"""";"""";"""";""Bridgestone, Ipone"";"""";"""""
"Maxi Moto EIRL;""76.092.664-7"";""Cliente"";""3"";""Tienda de repuestos"";"""";"""";"""";""+56 9 5218 9803"";"""";"""";"""";""Retiro en tienda"";"""";"""";"""";"""";"""";"""";"""";"""""
"MAXI MOTO EIRL;""76092664-7"";""Cliente"";""3"";""Tienda de repuestos"";"""";""O'Higgins"";""Pichilemu"";""+56952189803"";""SAN ANTONIO 48, Pichilemu, O'Higgins"";"""";"""";""Retiro en tienda"";"""";"""";""MAX RUBIO"";"""";"""";""Bridgestone"";"""";"""""
"MAXIMILIANO MARCELO ALEXIS VILLAR S?EZ;""21572230-9"";""Cliente"";""3"";""Tienda de repuestos"";"""";"""";"""";"""";"""";"""";"""";""Retiro en tienda"";"""";"""";"""";"""";"""";""Ipone"";"""";"""""
"MAXIMOTOS SPA;""76738413-0"";""Cliente"";""3"";""Tienda de repuestos"";"""";"""";"""";"""";"""";"""";"""";""Retiro en tienda"";"""";"""";"""";"""";"""";""Shinko, Ipone"";"""";"""""
"MCO GROUP SPA;""76986714-7"";""Cliente"";""3"";""Tienda de repuestos"";"""";"""";"""";"""";"""";"""";"""";""Retiro en tienda"";"""";"""";"""";"""";"""";"""";"""";"""""
"MECANICA GUERRA CORTES LIMITADA;""77970661-3"";""Cliente"";""3"";""Tienda de repuestos"";""Taller"";""Metropolitana"";""Quilicura"";"""";""AV. LO MARCOLETA 323, Quilicura, Metropolitana"";"""";"""";""Retiro en tienda"";"""";"""";"""";"""";"""";""Ipone"";"""";"""""
"MELANI BRAVO ULGINI;""9385468-3"";""Cliente"";""3"";""Tienda de repuestos"";"""";"""";"""";"""";"""";"""";"""";""Retiro en tienda"";"""";"""";"""";"""";"""";"""";"""";"""""
"MI MOTO;""76321114-2"";""Cliente"";""3"";""Tienda de repuestos"";"""";"""";"""";"""";"""";"""";"""";""Retiro en tienda"";"""";"""";"""";"""";"""";""Shinko, Monkey"";"""";"""""
"MICHAEL CUEVAS;""20962724-8"";""Cliente"";""3"";""Tienda de repuestos"";"""";"""";"""";""+56979844465"";""villa cipres 68 machali"";"""";"""";""Retiro en tienda"";"""";"""";"""";"""";"""";""Bridgestone, Ipone"";"""";"""""
"MICHAEL ELIAS GALLARDO GALLARDO;""17643147-4"";""Cliente"";""3"";""Tienda de repuestos"";"""";"""";"""";"""";"""";"""";"""";""Retiro en tienda"";"""";"""";"""";"""";"""";""Ipone"";"""";"""""
"MICHAEL THOMAS KERR MOLINA;""17086563-4"";""Cliente"";""3"";""Tienda de repuestos"";"""";"""";"""";"""";"""";"""";"""";""Retiro en tienda"";"""";"""";"""";"""";"""";"""";"""";"""""
"MIGUEL ANGEL MORALES ASTUDILLO;""17761220-0"";""Cliente"";""3"";""Tienda de repuestos"";"""";"""";"""";"""";"""";"""";"""";""Retiro en tienda"";"""";"""";"""";"""";"""";""Ipone, Monkey"";"""";"""""
"Miguel Cabrera;""13389414-4"";""Cliente"";""3"";""Tienda de repuestos"";"""";""Biobío"";""Curanilahue"";"""";""Arturo prat esquina Riquelme 1005, Curanilahue, Biobío"";"""";"""";""Retiro en tienda"";"""";"""";"""";"""";"""";"""";"""";"""""
"MONKEY`S CAR SPA;""76309248-8"";""Cliente"";""3"";""Tienda de repuestos"";"""";"""";"""";"""";"""";"""";"""";""Retiro en tienda"";"""";"""";"""";"""";"""";"""";"""";""Sebastián Agusto"""
"MOTO AVENTURA CENTER LIMITADA;""76108299-K"";""Cliente"";""3"";""Tienda de repuestos"";"""";"""";"""";"""";"""";"""";"""";""Retiro en tienda"";"""";"""";"""";"""";"""";""Ipone, Motoz, Shinko"";"""";"""""
"MOTO CITY SPA;""77842704-4"";""Cliente"";""3"";""Tienda de repuestos"";"""";"""";"""";"""";"""";"""";"""";""Retiro en tienda"";"""";"""";"""";"""";"""";""Ipone"";"""";""Claudio Leclerc"""
"MOTO COYOTE SPA;""78193059-8"";""Cliente"";""3"";""Tienda de repuestos"";"""";"""";"""";"""";"""";"""";"""";""Retiro en tienda"";"""";"""";"""";"""";"""";""Ipone"";"""";""Claudio Leclerc"""
"MOTO EXHAUSTS CHILE CARLOS RODRIGO ALVARADO STUCKU;""76361535-9"";""Cliente"";""3"";""Tienda de repuestos"";"""";"""";"""";"""";"""";"""";"""";""Retiro en tienda"";"""";"""";"""";"""";"""";""Shinko"";"""";"""""
"MOTO GUERRERO SPA;""77892253-3"";""Cliente"";""3"";""Tienda de repuestos"";"""";"""";"""";"""";"""";"""";"""";""Retiro en tienda"";"""";"""";"""";"""";"""";""Monkey, Bridgestone, Ipone, GT-Oil, Motoz"";"""";"""""
"MOTO LAGUNAS SPA;""76942185-8"";""Cliente"";""3"";""Tienda de repuestos"";"""";"""";"""";"""";"""";"""";"""";""Retiro en tienda"";"""";"""";"""";"""";"""";""Ipone, Monkey"";"""";"""""
"MOTO MAYOR CHILE SPA;""77574665-3"";""Cliente"";""3"";""Tienda de repuestos"";"""";"""";"""";"""";"""";"""";"""";""Retiro en tienda"";"""";"""";"""";"""";"""";""Monkey"";"""";"""""
"MOTO REPUESTOS JJ SPA;""77438614-9"";""Cliente"";""3"";""Tienda de repuestos"";"""";"""";"""";"""";"""";"""";"""";""Retiro en tienda"";"""";"""";"""";"""";"""";"""";"""";""Sebastián Agusto"""
"MOTO REPUESTOS JJ SPA;""77.438.614-9"";""Cliente"";""3"";""Tienda de repuestos"";"""";""Metropolitana"";""Pudahuel"";""+56923792393"";""LAGO COCHRANE 7298, Pudahuel, Metropolitana"";"""";"""";""Retiro en tienda"";"""";"""";""JOHN CAICEDO"";"""";"""";""Ipone"";"""";"""""
"Moto Repuestos Valencia spa;""77.486.259-5"";""Cliente"";""3"";""Tienda de repuestos"";"""";"""";"""";""+56986809255"";"""";"""";"""";""Retiro en tienda"";"""";"""";"""";"""";"""";""Ipone"";"""";""Sebastián Agusto"""
"MOTO RESPUESTOS VALENCIA SPA;""77486259-5"";""Cliente"";""3"";""Tienda de repuestos"";"""";"""";"""";"""";"""";"""";"""";""Retiro en tienda"";"""";"""";"""";"""";"""";""Ipone"";"""";"""""
"MOTO STOP;""7963758-0"";""Cliente"";""3"";""Tienda de repuestos"";"""";""Biobío"";""Los Angeles"";""56 9 96823985"";""Mendoza 815, Los Angeles, Biobío"";"""";"""";""Retiro en tienda"";"""";"""";""Manuel Gurierrez"";"""";"""";""Ipone, Shinko, Monkey"";"""";""Claudio Leclerc"""
"MOTO UNO CHILE SPA;""76840755-K"";""Cliente"";""3"";""Tienda de repuestos"";"""";""Metropolitana"";""La Florida"";""+56940566647"";""Maria Cristina 6729, la Florida sn, La Florida, Metropolitana"";"""";"""";""Retiro en tienda"";"""";"""";""INGRID"";"""";"""";""Ipone, Shinko"";"""";"""""
"MOTO87 SPA;""78184478-0"";""Cliente"";""3"";""Tienda de repuestos"";"""";"""";"""";"""";"""";"""";"""";""Retiro en tienda"";"""";"""";"""";"""";"""";""Ipone, Shinko"";"""";""Claudio Leclerc"""
"MOTOACCESORIO SPA;""77509014-6"";""Cliente"";""3"";""Tienda de repuestos"";"""";"""";"""";"""";"""";"""";"""";""Retiro en tienda"";"""";"""";"""";"""";"""";""Ipone, Monkey"";"""";"""""
"MOTOCLINIC RACING SPA;""77602491-0"";""Cliente"";""3"";""Tienda de repuestos"";"""";"""";"""";"""";"""";"""";"""";""Retiro en tienda"";"""";"""";"""";"""";"""";""Ipone, Monkey"";"""";""Claudio Leclerc"""
"MOTODREAMS SPA;""78008974-1"";""Cliente"";""3"";""Tienda de repuestos"";"""";"""";"""";"""";"""";"""";"""";""Retiro en tienda"";"""";"""";"""";"""";"""";""Ipone"";"""";"""""
"MOTOG SPA;""77479475-1"";""Cliente"";""3"";""Tienda de repuestos"";"""";"""";"""";"""";"""";"""";"""";""Retiro en tienda"";"""";"""";"""";"""";"""";""Ipone"";"""";""Sebastián Agusto"""
"MOTOLAB CHILE SPA;""78002593-K"";""Cliente"";""3"";""Tienda de repuestos"";"""";"""";"""";"""";"""";"""";"""";""Retiro en tienda"";"""";"""";"""";"""";"""";""Ipone"";"""";"""""
"MOTORCITY SPA;""77177015-0"";""Cliente"";""3"";""Tienda de repuestos"";""Tienda"";""Tarapacá"";""Antofagasta"";""+56 9 3017 7151"";""Cap. Carlos Condell 1916, Antofagasta, Tarapacá"";"""";"""";""Retiro en tienda"";"""";"""";""Nickol"";"""";"""";""Ipone, Shinko"";"""";"""""
"MOTOREPUESTOS JOEL CORTES Y COMPA?IA LTDA.;""76899768-3"";""Cliente"";""3"";""Tienda de repuestos"";"""";"""";"""";"""";"""";"""";"""";""Retiro en tienda"";"""";"""";"""";"""";"""";""Ipone, Motoz, Bridgestone"";"""";"""""
"MOTORZONE CHILLAN SPA;""78318622-5"";""Cliente"";""3"";""Tienda de repuestos"";""Tienda"";""Ñuble"";""Chillan"";""56989732282"";""ECUADOR 744, Chillan, Ñuble"";""PUDAHUEL, Chillan, Ñuble"";"""";""Reparto propio"";"""";"""";""JUAN NAVARRO"";"""";"""";""Ipone"";"""";"""""
"MOTOS DEL MAULE SPA;""76481096-1"";""Cliente"";""3"";""Tienda de repuestos"";"""";"""";"""";"""";"""";"""";"""";""Retiro en tienda"";"""";"""";"""";"""";"""";""Bridgestone, Ipone, Shinko"";"""";"""""
"MOTOS INOSTROZA SPA;""77542768-K"";""Cliente"";""3"";""Tienda de repuestos"";"""";"""";"""";"""";"""";"""";"""";""Retiro en tienda"";"""";"""";"""";"""";"""";""Gibson, Ipone, Shinko"";"""";""Claudio Leclerc"""
"MOTOS KUPER;""76352244-K"";""Cliente"";""3"";""Tienda de repuestos"";"""";"""";"""";"""";"""";"""";"""";""Retiro en tienda"";"""";"""";"""";"""";"""";""Ipone"";"""";"""""
"MOTOS OSSES;""9023960-0"";""Cliente"";""3"";""Tienda de repuestos"";"""";"""";"""";"""";"""";"""";"""";""Retiro en tienda"";"""";"""";"""";"""";"""";""GT-Oil, Ipone, Shinko"";"""";""Claudio Leclerc"""
"MOTOS Y ACCESORIOS JUAN LUIS ESCUDERO ESCOBAR E.I.;""76313093-2"";""Cliente"";""3"";""Tienda de repuestos"";"""";"""";"""";"""";"""";"""";"""";""Retiro en tienda"";"""";"""";"""";"""";"""";""Ipone, Motoz, Shinko"";"""";"""""
"MOTOSBLOTT SPA;""77178489-5"";""Cliente"";""3"";""Tienda de repuestos"";"""";"""";"""";"""";"""";"""";"""";""Retiro en tienda"";"""";"""";"""";"""";"""";""Ipone"";"""";"""""
"Motosport San Fernando spa;""77804926-0"";""Cliente"";""3"";""Tienda de repuestos"";"""";""O'Higgins"";""San Fernando"";""+56998735969"";""Calle Tres Montes 780, San Fernando, Región del Libertador General Bernardo O'Higgins, Chile 780, San Fernando, O'Higgins"";"""";"""";""Retiro en tienda"";"""";"""";""DON MARIANO"";"""";"""";"""";"""";"""""
"mototematicos;""8933193-5"";""Cliente"";""3"";""Tienda de repuestos"";"""";"""";"""";""+56997119549"";"""";"""";"""";""Retiro en tienda"";"""";"""";"""";"""";"""";""Bridgestone"";"""";"""""
"MPRO COMPANY SPA;""78099703-6"";""Cliente"";""3"";""Tienda de repuestos"";"""";"""";"""";"""";"""";"""";"""";""Retiro en tienda"";"""";"""";"""";"""";"""";""Shinko"";"""";"""""
"MQX;""76196119-5"";""Cliente"";""3"";""Tienda de repuestos"";""Tienda"";""Los Lagos"";""Puerto Varas"";""+56 9 6444 8832"";""IMPERIAL 433, PUERTO VARAS 433, Puerto Varas, Los Lagos"";""TRANSPORTES CACEM, Puerto Varas, Los Lagos"";"""";""Reparto propio"";"""";"""";""ALEJANDRO LARA"";"""";"""";""Motoz"";"""";"""""
"MRMOTOSCHILE SPA;""77673631-7"";""Cliente"";""3"";""Tienda de repuestos"";"""";"""";"""";"""";"""";"""";"""";""Retiro en tienda"";"""";"""";"""";"""";"""";""Shinko"";"""";"""""
"MULTISERVICIOS ASA SPA;""77789344-0"";""Cliente"";""3"";""Tienda de repuestos"";"""";""Metropolitana"";""Recoleta"";""+56962059894"";""Av, Recoleta 3296, Recoleta, Metropolitana"";"""";"""";""Retiro en tienda"";"""";"""";""ANTHONY"";"""";"""";""Ipone"";"""";""Sebastián Agusto"""
"MULTISERVICIOS EL VARON SPA;""78269092-2"";""Cliente"";""3"";""Tienda de repuestos"";""Tienda"";""Metropolitana"";""Santiago"";""+56 9 3299 9784"";""Avenida Portugal 1387 1387, Santiago, Metropolitana"";"""";"""";""Retiro en tienda"";"""";"""";""DUEÑO"";"""";"""";""Ipone, Monkey"";"""";"""""
"MULTISERVICIOSWMR SPA;""77395108-K"";""Cliente"";""3"";""Tienda de repuestos"";"""";"""";"""";"""";"""";"""";"""";""Retiro en tienda"";"""";"""";"""";"""";"""";""Ipone, Monkey"";"""";"""""
"MUNDO ATV CHILE;""76605948-1"";""Cliente"";""3"";""Tienda de repuestos"";"""";"""";"""";"""";"""";"""";"""";""Retiro en tienda"";"""";"""";"""";"""";"""";""Monkey"";"""";"""""
"NACIONAL MOTOS;""76498865-5"";""Cliente"";""3"";""Tienda de repuestos"";"""";"""";"""";"""";"""";"""";"""";""Retiro en tienda"";"""";"""";"""";"""";"""";""Ipone, Motoz, Shinko"";"""";""Claudio Leclerc"""
"Nelson Godoy;""17644445-2"";""Cliente"";""3"";""Tienda de repuestos"";"""";""Atacama"";""Vallenar"";""+56 9 8172 5326"";""Freire #2172 Pbl. Rafael Torreblanca, Vallenar, Atacama, Vallenar, Atacama"";"""";"""";""Retiro en tienda"";"""";"""";"""";"""";"""";"""";"""";"""""
"NEUMATICOS MYB SPA;""77855118-7"";""Cliente"";""3"";""Tienda de repuestos"";"""";""Biobío"";""Concepcion"";""+56 9 7609 2108"";""Las Heras 431, Concepcion 431, Concepcion, Biobío"";"""";"""";""Retiro en tienda"";"""";"""";""HUGO"";"""";"""";""Bridgestone, Monkey, Ipone, Shinko"";"""";"""""
"NEUMATICOS Y LOGISTICA OMP SPA;""77737009-K"";""Cliente"";""3"";""Tienda de repuestos"";"""";"""";"""";"""";"""";"""";"""";""Retiro en tienda"";"""";"""";"""";"""";"""";""Bridgestone, Ipone, Shinko, Monkey"";"""";"""""
"NICOLAS GONZALEZ;""18220392-0"";""Cliente"";""3"";""Tienda de repuestos"";"""";"""";"""";"""";"""";"""";"""";""Retiro en tienda"";"""";"""";"""";"""";"""";""Motoz"";"""";"""""
"NICOLS LAIBE;""77948411-4"";""Cliente"";""3"";""Tienda de repuestos"";"""";"""";"""";"""";"""";"""";"""";""Retiro en tienda"";"""";"""";"""";"""";"""";"""";"""";"""""
"NILTON RODRIGO URBINA CARVACHO;""14530955-7"";""Cliente"";""3"";""Tienda de repuestos"";"""";"""";"""";"""";"""";"""";"""";""Retiro en tienda"";"""";"""";"""";"""";"""";""Monkey"";"""";"""""
"OBRAS CIVILES CLAUDIA CUADRA SANDOVAL E.I.R.L.;""77032201-4"";""Cliente"";""3"";""Tienda de repuestos"";"""";"""";"""";"""";"""";"""";"""";""Retiro en tienda"";"""";"""";"""";"""";"""";""Shinko"";"""";"""""
"OHANNES MARTIN AKEL OBERPAUR;""16098081-8"";""Cliente"";""3"";""Tienda de repuestos"";"""";"""";"""";"""";"""";"""";"""";""Retiro en tienda"";"""";"""";"""";"""";"""";"""";"""";"""""
"OLIVER MARCELO SANCHEZ MONCADA;""27171937-K"";""Cliente"";""3"";""Tienda de repuestos"";"""";"""";"""";"""";"""";"""";"""";""Retiro en tienda"";"""";"""";"""";"""";"""";""Ipone"";"""";"""""
"OMR NEUM?TICOS SPA;""77306655-8"";""Cliente"";""3"";""Tienda de repuestos"";"""";"""";"""";"""";"""";"""";"""";""Retiro en tienda"";"""";"""";"""";"""";"""";""Shinko"";"""";"""""
"OSCAR EDUARDO RAMIREZ MARTINEZ;""18997663-1"";""Cliente"";""3"";""Tienda de repuestos"";"""";"""";"""";"""";"""";"""";"""";""Retiro en tienda"";"""";"""";"""";"""";"""";""Ipone"";"""";"""""
"OSUE ISMAEL CORREA GONZ?LEZ;""18165204-7"";""Cliente"";""3"";""Tienda de repuestos"";"""";"""";"""";"""";"""";"""";"""";""Retiro en tienda"";"""";"""";"""";"""";"""";""Ipone"";"""";"""""
"PABLO AGUSTIN LEVALLE MORENO;""18932637-8"";""Cliente"";""3"";""Tienda de repuestos"";"""";"""";"""";"""";"""";"""";"""";""Retiro en tienda"";"""";"""";"""";"""";"""";"""";"""";"""""
"PABLO ANDRES AHUMADA ESPINOZA;""16224271-7"";""Cliente"";""3"";""Tienda de repuestos"";"""";"""";"""";"""";"""";"""";"""";""Retiro en tienda"";"""";"""";"""";"""";"""";""Shinko"";"""";"""""
"PABLO BALVOA;""19347218-4"";""Cliente"";""3"";""Tienda de repuestos"";"""";"""";"""";"""";"""";"""";"""";""Retiro en tienda"";"""";"""";"""";"""";"""";"""";"""";"""""
"Pablo Diaz;""12721204-k"";""Cliente"";""3"";""Tienda de repuestos"";"""";""Metropolitana"";""Providencia"";""+56977492704"";""Los tulipanes 4521 404, Providencia, Metropolitana"";"""";"""";""Retiro en tienda"";"""";"""";""Pablo Diaz"";"""";"""";""Motoz, Bridgestone, Ipone, Shinko"";"""";"""""
"PABLO ESTEBAN ASTUDILLO PAVEZ;""13468394-5"";""Cliente"";""3"";""Tienda de repuestos"";"""";"""";"""";"""";"""";"""";"""";""Retiro en tienda"";"""";"""";"""";"""";"""";"""";"""";"""""
"PABLO LEVALLE;""8540794-5"";""Cliente"";""3"";""Tienda de repuestos"";"""";"""";"""";"""";"""";"""";"""";""Retiro en tienda"";"""";"""";"""";"""";"""";"""";"""";"""""
"PABLO PAREDES ISLA;""10439030-7"";""Cliente"";""3"";""Tienda de repuestos"";"""";"""";"""";"""";"""";"""";"""";""Retiro en tienda"";"""";"""";"""";"""";"""";""Ipone, Monkey"";"""";"""""
"PARADISE MOTORS SPA;""77798191-9"";""Cliente"";""3"";""Tienda de repuestos"";"""";"""";"""";"""";"""";"""";"""";""Retiro en tienda"";"""";"""";"""";"""";"""";""Ipone"";"""";"""""
"PARQUE GUAY GUAY SPA;""77945729-K"";""Cliente"";""3"";""Tienda de repuestos"";"""";"""";"""";"""";"""";"""";"""";""Retiro en tienda"";"""";"""";"""";"""";"""";"""";"""";"""""
"PATRICIA ALEJANDRA DONOSO ALFARO;""14253540-8"";""Cliente"";""3"";""Tienda de repuestos"";"""";"""";"""";"""";"""";"""";"""";""Retiro en tienda"";"""";"""";"""";"""";"""";""Ipone"";"""";"""""
"PATRICIO ANDRES ESTAY SILVA;""16591682-4"";""Cliente"";""3"";""Tienda de repuestos"";"""";"""";"""";"""";"""";"""";"""";""Retiro en tienda"";"""";"""";"""";"""";"""";""Shinko"";"""";"""""
"PAULINA ARAYA FERNANDEZ;""15049921-6"";""Cliente"";""3"";""Tienda de repuestos"";"""";"""";"""";"""";"""";"""";"""";""Retiro en tienda"";"""";"""";"""";"""";"""";""Ipone"";"""";"""""
"PAULO VENTURA;""17408138-7"";""Cliente"";""3"";""Tienda de repuestos"";"""";""Metropolitana"";""Las Condes"";""+56972156244"";""LOS ALPES 916, DEPTO 1006. LAS CONDES, Las Condes, Metropolitana"";"""";"""";""Retiro en tienda"";"""";"""";"""";"""";"""";""Gibson"";"""";"""""
"PEDRO GARCIA;""17962012-K"";""Cliente"";""3"";""Tienda de repuestos"";"""";"""";"""";"""";"""";"""";"""";""Retiro en tienda"";"""";"""";"""";"""";"""";"""";"""";"""""
"PEDRO HERNAN JAIME GODOY;""12446923-6"";""Cliente"";""3"";""Tienda de repuestos"";"""";"""";"""";"""";"""";"""";"""";""Retiro en tienda"";"""";"""";"""";"""";"""";""Shinko"";"""";"""""
"PEDRO HERNAN PEREZ ALFARO;""15034367-4"";""Cliente"";""3"";""Tienda de repuestos"";"""";"""";"""";"""";"""";"""";"""";""Retiro en tienda"";"""";"""";"""";"""";"""";""Shinko"";"""";"""""
"PELLEGRINO SERVICE SPA;""77201444-9"";""Cliente"";""3"";""Tienda de repuestos"";"""";"""";"""";"""";"""";"""";"""";""Retiro en tienda"";"""";"""";"""";"""";"""";""Ipone, Monkey"";"""";"""""
"PEPE YAMAHA;""8071254-5"";""Cliente"";""3"";""Tienda de repuestos"";"""";"""";"""";"""";"""";"""";"""";""Retiro en tienda"";"""";"""";"""";"""";"""";""Bridgestone, Ipone"";"""";""Claudio Leclerc"""
"PISTONS SPEED MATIAS IGNACIO OTAROLA VEJAR E.I.R..;""77904791-1"";""Cliente"";""3"";""Tienda de repuestos"";"""";""Biobío"";""Concepcion"";""+56 999402545"";""Avda Pedro de Valdivia 525, Concepcion, Biobío"";"""";"""";""Retiro en tienda"";"""";"""";""Matias"";"""";"""";""Bridgestone, Shinko, Ipone"";"""";"""""
"PISTONS SPEED STORE LIMITADA;""78343415-6"";""Cliente"";""3"";""Tienda de repuestos"";"""";"""";"""";"""";"""";"""";"""";""Retiro en tienda"";"""";"""";"""";"""";"""";""Ipone"";"""";""Claudio Leclerc"""
"PRO ACTION;""8148757-K"";""Cliente"";""3"";""Tienda de repuestos"";"""";"""";"""";"""";"""";"""";"""";""Retiro en tienda"";"""";"""";"""";"""";"""";""Ipone, Motoz"";"""";""Claudio Leclerc"""
"PRO-TECH SPA;""76973065-6"";""Cliente"";""3"";""Tienda de repuestos"";"""";"""";"""";"""";"""";"""";"""";""Retiro en tienda"";"""";"""";"""";"""";"""";""Ipone, Bridgestone"";"""";"""""
"PRODUCCIONES DE EVENTOS RAVIDA Y ANDRIS LIMITADA;""76207619-5"";""Cliente"";""3"";""Tienda de repuestos"";"""";"""";"""";"""";"""";"""";"""";""Retiro en tienda"";"""";"""";"""";"""";"""";""Ipone"";"""";"""""
"PRORIDER SPA;""77556225-0"";""Cliente"";""3"";""Tienda de repuestos"";"""";"""";"""";"""";"""";"""";"""";""Retiro en tienda"";"""";"""";"""";"""";"""";""GT-Oil, Ipone"";"""";"""""
"PUNTOUP SPA;""77835032-7"";""Cliente"";""3"";""Tienda de repuestos"";"""";"""";"""";"""";"""";"""";"""";""Retiro en tienda"";"""";"""";"""";"""";"""";""Ipone"";"""";"""""
"QUINTAVI LIMITADA;""77254637-8"";""Cliente"";""3"";""Tienda de repuestos"";"""";"""";"""";"""";"""";"""";"""";""Retiro en tienda"";"""";"""";"""";"""";"""";""Ipone, Monkey"";"""";""Claudio Leclerc"""
"R MOTOS SPA;""76060172-1"";""Cliente"";""3"";""Tienda de repuestos"";"""";"""";"""";"""";"""";"""";"""";""Retiro en tienda"";"""";"""";"""";"""";"""";""Ipone, Monkey"";"""";"""""
"R&O MOTOCICLETAS SPA;""77231094-3"";""Cliente"";""3"";""Tienda de repuestos"";"""";"""";"""";"""";"""";"""";"""";""Retiro en tienda"";"""";"""";"""";"""";"""";""Monkey, Ipone"";"""";""Claudio Leclerc"""
"RAFAEL IGNACIO PARRA ALARC?N;""20102533-8"";""Cliente"";""3"";""Tienda de repuestos"";"""";"""";"""";"""";"""";"""";"""";""Retiro en tienda"";"""";"""";"""";"""";"""";""Gibson"";"""";"""""
"RAIMUNDO LANTE DELLA ROVERE MOLINARE;""17405132-1"";""Cliente"";""3"";""Tienda de repuestos"";"""";"""";""Lo Barnechea"";""+56926360526"";""AV VALLE DEL MONASTERIO 2121, CASA 8, LO BARRNECHEA CASA 8, Lo Barnechea"";"""";"""";""Retiro en tienda"";"""";"""";"""";"""";"""";""Bridgestone"";"""";"""""
"RAUL PIZARRO GONZALEZ;""20529486-4"";""Cliente"";""3"";""Tienda de repuestos"";"""";"""";"""";"""";"""";"""";"""";""Retiro en tienda"";"""";"""";"""";"""";"""";""Ipone"";"""";""Claudio Leclerc"""
"RAYMUNDO ALBERTO HERRERA GALLARDO;""19421080-9"";""Cliente"";""3"";""Tienda de repuestos"";"""";"""";"""";"""";"""";"""";"""";""Retiro en tienda"";"""";"""";"""";"""";"""";""Ipone, Shinko, Monkey"";"""";""Sebastián Agusto"""
"RCARS CHILE SPA;""78186124-3"";""Cliente"";""3"";""Tienda de repuestos"";"""";"""";"""";"""";"""";"""";"""";""Retiro en tienda"";"""";"""";"""";"""";"""";""Ipone"";"""";""Claudio Leclerc"""
"REBIKE SPA;""76593259-9"";""Cliente"";""3"";""Tienda de repuestos"";"""";"""";"""";"""";"""";"""";"""";""Retiro en tienda"";"""";"""";"""";"""";"""";""Ipone"";"""";"""""
"RENE FRANCISCO CABANA GALLEGUILLOS;""16052799-4"";""Cliente"";""3"";""Tienda de repuestos"";"""";"""";"""";"""";"""";"""";"""";""Retiro en tienda"";"""";"""";"""";"""";"""";""Shinko"";"""";"""""
"RENT AND COMPANY SPA;""77027986-0"";""Cliente"";""3"";""Tienda de repuestos"";"""";"""";"""";"""";"""";"""";"""";""Retiro en tienda"";"""";"""";"""";"""";"""";""Ipone"";"""";"""""
"RENTAL AUTOS Y EQUIPOS LIMITADA;""77625375-8"";""Cliente"";""3"";""Tienda de repuestos"";"""";"""";"""";"""";"""";"""";"""";""Retiro en tienda"";"""";"""";"""";"""";"""";""Ipone, Motoz, Shinko"";"""";"""""
"RENTEK SPA;""76860501-7"";""Cliente"";""3"";""Tienda de repuestos"";"""";"""";"""";"""";"""";"""";"""";""Retiro en tienda"";"""";"""";"""";"""";"""";""Motoz, Shinko, Ipone"";"""";"""""
"RENZO EDUARDO ARELLANO TORO;""12807769-3"";""Cliente"";""3"";""Tienda de repuestos"";"""";""Valparaíso"";""Quilpue"";""+56982193292"";""LOS CARRERA 0635, Quilpue, Valparaíso"";"""";"""";""Retiro en tienda"";"""";"""";""RENZO ARELLANO"";"""";"""";""Bridgestone, Gibson, Ipone, Motoz, Shinko, Monkey"";"""";"""""
"Reparación y Mantención de Vehículos Motorizados y Venta de Repuestos;""13.899.013-3"";""Cliente"";""3"";""Tienda de repuestos"";"""";"""";"""";""+56983752699"";"""";"""";"""";""Retiro en tienda"";"""";"""";"""";"""";"""";"""";"""";"""""
"REPARACI?N MAQUINARIAS ANNE CECILIA BRAVO SANCHEZ.;""76952009-0"";""Cliente"";""3"";""Tienda de repuestos"";"""";"""";"""";"""";"""";"""";"""";""Retiro en tienda"";"""";"""";"""";"""";"""";""Ipone"";"""";"""""
"REPUESTOS ITALO JORGE GALASSO VALDIVIA E.I.R.L.;""78070123-4"";""Cliente"";""3"";""Tienda de repuestos"";"""";"""";"""";"""";"""";"""";"""";""Retiro en tienda"";"""";"""";"""";"""";"""";""Ipone"";"""";"""""
"REPUESTOS QUILIN SPA;""78036714-8"";""Cliente"";""3"";""Tienda de repuestos"";"""";"""";"""";"""";"""";"""";"""";""Retiro en tienda"";"""";"""";"""";"""";"""";""Ipone, Bridgestone"";"""";"""""
"REPUESTOS Y ACCESORIOS DINAMITA MOTOS SPA;""77322205-3"";""Cliente"";""3"";""Tienda de repuestos"";"""";"""";"""";"""";"""";"""";"""";""Retiro en tienda"";"""";"""";"""";"""";"""";""Monkey, Ipone"";"""";"""""
"REPUESTOS Y ACCESORIOS FENIX MOTOS;""78037411K"";""Cliente"";""3"";""Tienda de repuestos"";"""";""Metropolitana"";""La Pintana"";""+56936211549"";""Santa Rosa 12980 Local 31, La Pintana, Metropolitana"";"""";"""";""Retiro en tienda"";"""";"""";""Nicolas"";"""";"""";""Ipone"";"""";"""""
"RICARDO BAYER;""13282248-4"";""Cliente"";""3"";""Tienda de repuestos"";"""";"""";"""";"""";"""";"""";"""";""Retiro en tienda"";"""";"""";"""";"""";"""";""Shinko"";"""";"""""
"RICARDO ESTEBAN LEON FONTOVA;""13550916-7"";""Cliente"";""3"";""Tienda de repuestos"";"""";"""";"""";"""";"""";"""";"""";""Retiro en tienda"";"""";"""";"""";"""";"""";""Bridgestone, Ipone"";"""";"""""
"RICHARD FELIPE ARAVENA ARRIAGADA;""19436689-2"";""Cliente"";""3"";""Tienda de repuestos"";"""";"""";"""";"""";"""";"""";"""";""Retiro en tienda"";"""";"""";"""";"""";"""";""Ipone"";"""";"""""
"RIDE CHILE;""76121594-9"";""Cliente"";""3"";""Tienda de repuestos"";"""";""Metropolitana"";""La Reina"";"""";""ALCALDE FRANCISCO DOMINGUEZ, La Reina, Metropolitana"";"""";"""";""Retiro en tienda"";"""";"""";""ANDRES"";"""";"""";""Motoz, Shinko, Bridgestone, Ipone"";"""";"""""
"RIDE SERVICE SPA;""77308462-9"";""Cliente"";""3"";""Tienda de repuestos"";"""";""Ñuble"";""Chillan Viejo"";""+56 9 52301761"";""Barboza 701, Chillan Viejo, Ñuble"";"""";"""";""Retiro en tienda"";"""";"""";""Cristian"";"""";"""";""Ipone"";"""";""Claudio Leclerc"""
"RIDER ZONE SPA;""77045326-7"";""Cliente"";""3"";""Tienda de repuestos"";"""";"""";"""";"""";"""";"""";"""";""Retiro en tienda"";"""";"""";"""";"""";"""";""Ipone, Shinko, Monkey"";"""";""Claudio Leclerc"""
"RINO MOTOS;""76153258-8"";""Cliente"";""3"";""Tienda de repuestos"";"""";"""";"""";"""";"""";"""";"""";""Retiro en tienda"";"""";"""";"""";"""";"""";""Shinko, Bridgestone, Ipone, Motoz"";"""";""Claudio Leclerc"""
"RIOS Y RIOS SPA;""77060998-4"";""Cliente"";""3"";""Tienda de repuestos"";"""";"""";"""";"""";"""";"""";"""";""Retiro en tienda"";"""";"""";"""";"""";"""";""Ipone"";"""";""Claudio Leclerc"""
"RODRIGO ALBERTO ROJO DE LA VEGA;""12214084-9"";""Cliente"";""3"";""Tienda de repuestos"";"""";"""";"""";"""";"""";"""";"""";""Retiro en tienda"";"""";"""";"""";"""";"""";""GT-Oil, Ipone, Monkey"";"""";"""""
"RODRIGO ANDRES CAMPOS CAMPBELL;""10564904-5"";""Cliente"";""3"";""Tienda de repuestos"";"""";"""";"""";"""";"""";"""";"""";""Retiro en tienda"";"""";"""";"""";"""";"""";""Bridgestone, Ipone, Motoz"";"""";"""""
"RODRIGO ENRIQUE GONZALEZ PIZARRO;""15908680-1"";""Cliente"";""3"";""Tienda de repuestos"";"""";"""";"""";"""";"""";"""";"""";""Retiro en tienda"";"""";"""";"""";"""";"""";""Ipone"";"""";"""""
"RODRIGO GUILLERMO TRONCOSO PROHARAM;""12691267-6"";""Cliente"";""3"";""Tienda de repuestos"";"""";"""";"""";"""";"""";"""";"""";""Retiro en tienda"";"""";"""";"""";"""";"""";""Motoz"";"""";"""""
"RODRIGO NICOLAS MOLINA GONZALEZ;""16888003-0"";""Cliente"";""3"";""Tienda de repuestos"";"""";"""";"""";"""";"""";"""";"""";""Retiro en tienda"";"""";"""";"""";"""";"""";""Shinko"";"""";"""""
"RODRIGO YA?EZ;""76169097-3"";""Cliente"";""3"";""Tienda de repuestos"";"""";"""";"""";"""";"""";"""";"""";""Retiro en tienda"";"""";"""";"""";"""";"""";""Shinko"";"""";"""""
"ROMASA SPA;""76821966-4"";""Cliente"";""3"";""Tienda de repuestos"";"""";"""";"""";"""";"""";"""";"""";""Retiro en tienda"";"""";"""";"""";"""";"""";""Monkey"";"""";"""""
"ROMEZ MOTO PARTS;""78.158.084-8"";""Cliente"";""3"";""Tienda de repuestos"";"""";""Metropolitana"";""Maipu"";""+56962611121"";""BELARMINO OSORIO 63, Maipu, Metropolitana"";"""";"""";""Retiro en tienda"";"""";"""";"""";"""";"""";""Ipone"";"""";""Sebastián Agusto"""
"ROMEZ MOTO PARTS SPA;""78158084-8"";""Cliente"";""3"";""Tienda de repuestos"";"""";"""";"""";"""";"""";"""";"""";""Retiro en tienda"";"""";"""";"""";"""";"""";""Ipone"";"""";"""""
"Ronaldo Fuentealba;""20865979-0"";""Cliente"";""3"";""Tienda de repuestos"";"""";"""";"""";"""";"""";"""";"""";""Retiro en tienda"";"""";"""";"""";"""";"""";"""";"""";"""""
"ROSA VERONICA ORTEGA PERRY;""9153839-3"";""Cliente"";""3"";""Tienda de repuestos"";"""";"""";"""";"""";"""";"""";"""";""Retiro en tienda"";"""";"""";"""";"""";"""";""Ipone"";"""";""Sebastián Agusto"""
"ROXY VILLARONGA EQUIPO RAP;""78247123-6"";""Cliente"";""3"";""Tienda de repuestos"";"""";"""";"""";"""";"""";"""";"""";""Retiro en tienda"";"""";"""";"""";"""";"""";""Ipone, Bridgestone"";"""";"""""
"ROYAL MOTO SERVICE SPA;""77060758-2"";""Cliente"";""3"";""Tienda de repuestos"";"""";"""";"""";"""";"""";"""";"""";""Retiro en tienda"";"""";"""";"""";"""";"""";""Ipone, Shinko, Bridgestone, Monkey"";"""";""Claudio Leclerc"""
"RUY BARBOSA;""77530690-4"";""Cliente"";""3"";""Tienda de repuestos"";"""";""Metropolitana"";""Providencia"";""+56 9 6897 0262"";""BUSTAMANTE 695 695, Providencia, Metropolitana"";"""";"""";""Retiro en tienda"";"""";"""";""KEVIN MUÑOZ"";"""";"""";""Bridgestone, Ipone, Shinko, Monkey"";"""";"""""
"SANTELICES VILCHES REPUESTOS Y ACCESORIOS VEHICULARES LTDA;""77379719-6"";""Cliente"";""3"";""Tienda de repuestos"";"""";""Metropolitana"";""Huechuraba"";""+56944757888"";""AV. PEDRO FONTOVA  6742, Huechuraba, Metropolitana"";"""";"""";""Retiro en tienda"";"""";"""";""AILIN"";"""";"""";""Ipone"";"""";"""""
"SANTIAGO MOTORS SA;""76039854-3"";""Cliente"";""3"";""Tienda de repuestos"";"""";"""";"""";"""";"""";"""";"""";""Retiro en tienda"";"""";"""";"""";"""";"""";"""";"""";"""""
"SANTIAGO MOTORS SA;""76.039.854-3"";""Cliente"";""3"";""Tienda de repuestos"";"""";"""";"""";""+56982886532"";"""";"""";"""";""Retiro en tienda"";"""";"""";"""";"""";"""";""Bridgestone"";"""";"""""
"SANTIAGO PEREZ;""22532569-3"";""Cliente"";""3"";""Tienda de repuestos"";"""";""Metropolitana"";""Vitacura"";""+56985673705"";""POLO MANQUEHUE 4 50, Vitacura, Metropolitana"";"""";"""";""Retiro en tienda"";"""";"""";"""";"""";"""";"""";"""";"""""
"SBO MANTENCIONES Y REPARACIONES SPA;""77289544-5"";""Cliente"";""3"";""Tienda de repuestos"";"""";"""";"""";"""";"""";"""";"""";""Retiro en tienda"";"""";"""";"""";"""";"""";""Monkey"";"""";"""""
"SCV ASESORIAS SPA;""77076931-0"";""Cliente"";""3"";""Tienda de repuestos"";"""";"""";"""";"""";"""";"""";"""";""Retiro en tienda"";"""";"""";"""";"""";"""";""Ipone, Bridgestone"";"""";"""""
"sebastian agusto;""16.877.350-1"";""Cliente"";""3"";""Tienda de repuestos"";"""";"""";"""";"""";"""";"""";"""";""Retiro en tienda"";"""";"""";"""";"""";"""";"""";"""";"""""
"SEBASTIAN ALBORNOZ PE?A;""20525443-9"";""Cliente"";""3"";""Tienda de repuestos"";"""";"""";"""";"""";"""";"""";"""";""Retiro en tienda"";"""";"""";"""";"""";"""";""Gibson"";"""";"""""
"Sebastian Correa;""18895232-1"";""Cliente"";""3"";""Tienda de repuestos"";"""";"""";"""";"""";"""";"""";"""";""Retiro en tienda"";"""";"""";"""";"""";"""";"""";"""";"""""
"SEBASTIAN EUGENIO MARQUEZ DE LA PLATA LARRAIN;""17702967-K"";""Cliente"";""3"";""Tienda de repuestos"";"""";"""";"""";"""";"""";"""";"""";""Retiro en tienda"";"""";"""";"""";"""";"""";"""";"""";"""""
"SEGURIDAD TRANCURA TRAPEN LIMITADA;""77632878-2"";""Cliente"";""3"";""Tienda de repuestos"";"""";"""";"""";"""";"""";"""";"""";""Retiro en tienda"";"""";"""";"""";"""";"""";""Monkey"";"""";"""""
"SERGIO VILLARONGA TORO;""13899167-9"";""Cliente"";""3"";""Tienda de repuestos"";"""";"""";"""";"""";"""";"""";"""";""Retiro en tienda"";"""";"""";"""";"""";"""";""Ipone"";"""";"""""
"SERVICIO DE TRANSPORTES TEERRE SPA;""77553039-1"";""Cliente"";""3"";""Tienda de repuestos"";"""";"""";"""";"""";"""";"""";"""";""Retiro en tienda"";"""";"""";"""";"""";"""";""Gibson, Ipone, Shinko, Monkey"";"""";"""""
"SERVICIO GARAGEONLINE SPA;""76490698-5"";""Cliente"";""3"";""Tienda de repuestos"";"""";""Metropolitana"";""Renca"";""+56935551377"";""Av el retiro 1227, 132, Renca, Metropolitana"";"""";"""";""Retiro en tienda"";"""";"""";""Sebastián"";"""";"""";""Bridgestone, Gibson, Ipone, Motoz, Shinko"";"""";"""""
"SERVICIO TECNICO AUTOMOTRIZ PATRICIA RAM?REZ HANAU;""76726272-8"";""Cliente"";""3"";""Tienda de repuestos"";"""";"""";"""";"""";"""";"""";"""";""Retiro en tienda"";"""";"""";"""";"""";"""";""Ipone, Monkey"";"""";"""""
"SERVICIO TECNICO DE VEHICULOS CEFERINO SEGUEL SPA;""77150932-0"";""Cliente"";""3"";""Tienda de repuestos"";"""";""Tarapacá"";""Antofagasta"";"""";""AV ARGENTINA 2979 2979, Antofagasta, Tarapacá"";"""";"""";""Retiro en tienda"";"""";"""";"""";"""";"""";""Shinko"";"""";"""""
"SERVICIO Y COMERCIAL AV SPA;""77933629-8"";""Cliente"";""3"";""Tienda de repuestos"";"""";""Metropolitana"";""Vitacura"";"""";""ALEJANDRO SERANI NORTE 9458, VITACURA 1108, Vitacura, Metropolitana"";"""";"""";""Retiro en tienda"";"""";"""";"""";"""";"""";""Bridgestone, Monkey, Ipone"";"""";"""""
"SERVICIOS AGRICOLAS MYG SPA;""77870348-3"";""Cliente"";""3"";""Tienda de repuestos"";"""";"""";"""";"""";"""";"""";"""";""Retiro en tienda"";"""";"""";"""";"""";"""";""Monkey"";"""";"""""
"SERVICIOS ALEJANDRO KUSCHEL ANDRADE EMPRESA INDIVI;""76222629-4"";""Cliente"";""3"";""Tienda de repuestos"";"""";"""";"""";"""";"""";"""";"""";""Retiro en tienda"";"""";"""";"""";"""";"""";""Bridgestone, Ipone, Shinko, Monkey"";"""";"""""
"SERVICIOS AUTOMOTORES PEDRO ANTONIO VIVEROS MAURE.;""77761457-6"";""Cliente"";""3"";""Tienda de repuestos"";"""";"""";"""";"""";"""";"""";"""";""Retiro en tienda"";"""";"""";"""";"""";"""";""Ipone"";"""";""Claudio Leclerc"""
"SERVICIOS BRUNO HERNANDEZ GABOR E.I.R.L;""78174604-5"";""Cliente"";""3"";""Tienda de repuestos"";"""";"""";"""";"""";"""";"""";"""";""Retiro en tienda"";"""";"""";"""";"""";"""";""Ipone"";"""";"""""
"SERVICIOS BRUNO HERNANDEZ GABOR E.I.R.L;""78.174.604-5"";""Cliente"";""3"";""Tienda de repuestos"";"""";""Metropolitana"";""Lo Barnechea"";""+56974787712"";""CAMINO LA HUALA 5015 CASA 17, LO BARNECHEA, Lo Barnechea, Metropolitana"";"""";"""";""Retiro en tienda"";"""";"""";"""";"""";"""";""Bridgestone, Gibson, Ipone, Monkey, Obor, Shinko, Motoz"";"""";"""""
"SERVICIOS DE INGENIERIA Y MAQUINARIA RIO TRUFUL HA;""76997964-6"";""Cliente"";""3"";""Tienda de repuestos"";"""";"""";"""";"""";"""";"""";"""";""Retiro en tienda"";"""";"""";"""";"""";"""";""Shinko"";"""";"""""
"SERVICIOS DE REPARACION Y MANTENCION INTEGRAL DE O;""76326809-8"";""Cliente"";""3"";""Tienda de repuestos"";"""";""Metropolitana"";""Recoleta"";""983419083"";""VICTOR CUCCUINI 593, Recoleta, Metropolitana"";"""";"""";""Retiro en tienda"";"""";"""";""Adrian Manzur"";"""";"""";""Gibson, Ipone"";"""";""Sebastián Agusto"""
"SERVICIOS GERBAUD SPA;""78231274-K"";""Cliente"";""3"";""Tienda de repuestos"";"""";"""";"""";""+56954131530"";""ALMIRANTE PASTENE 185 OF 310 3P NULL PROVIDENCIA"";"""";"""";""Retiro en tienda"";"""";"""";"""";"""";"""";""Bridgestone"";"""";"""""
"SERVICIOS TOTALES PATRICIO REITZE SPA;""77133262-5"";""Cliente"";""3"";""Tienda de repuestos"";"""";"""";"""";"""";"""";"""";"""";""Retiro en tienda"";"""";"""";"""";"""";"""";""Shinko"";"""";"""""
"SERVICIOS Y REPUESTOS FELIPE GUEVARA E.I.R.L.;""76687013-9"";""Cliente"";""3"";""Tienda de repuestos"";"""";"""";"""";"""";"""";"""";"""";""Retiro en tienda"";"""";"""";"""";"""";"""";""Gibson, Shinko"";"""";"""""
"SERVIMOTORS STORE SPA;""77139503-1"";""Cliente"";""3"";""Tienda de repuestos"";"""";"""";"""";"""";"""";"""";"""";""Retiro en tienda"";"""";"""";"""";"""";"""";""Shinko, Monkey"";"""";"""""
"SERVITECA C?SAR GARRIDO SPA;""78108802-1"";""Cliente"";""3"";""Tienda de repuestos"";"""";"""";"""";"""";"""";"""";"""";""Retiro en tienda"";"""";"""";"""";"""";"""";""Ipone"";"""";""Claudio Leclerc"""
"SHANGRILA SPA;""77389122-2"";""Cliente"";""3"";""Tienda de repuestos"";""Tienda"";""Metropolitana"";""Santiago"";""+56 9 9000 8548"";""Avenida Vitacura 9315, Santiago, Metropolitana"";""starken, Santiago, Metropolitana"";"""";""Reparto propio"";"""";"""";""Ignacio Valdes"";"""";"""";""Bridgestone, Motoz, Ipone, Gibson, Shinko, Monkey"";"""";"""""
"SHERIDES SPA;""77937804-7"";""Cliente"";""3"";""Tienda de repuestos"";"""";"""";"""";"""";"""";"""";"""";""Retiro en tienda"";"""";"""";"""";"""";"""";"""";"""";"""""
"SILVIA CAROLINA RIVEROS FUENTES ACCESORIOS S/R E..;""76280359-3"";""Cliente"";""3"";""Tienda de repuestos"";"""";"""";"""";"""";"""";"""";"""";""Retiro en tienda"";"""";"""";"""";"""";"""";""Ipone"";"""";""Claudio Leclerc"""
"SOC COMERCIAL E INVERSIONES FERIMOTOS LIMITADA;""76232490-3"";""Cliente"";""3"";""Tienda de repuestos"";""Tienda"";""Metropolitana"";""Santiago Centro"";""+56 995313974"";""LIRA 675, Santiago Centro, Metropolitana"";"""";"""";""Retiro en tienda"";"""";"""";""MICHEL"";"""";"""";""Ipone"";"""";"""""
"SOC COMERCIAL OFICINTA LIMITADA;""79702500-3"";""Cliente"";""3"";""Tienda de repuestos"";"""";"""";"""";"""";"""";"""";"""";""Retiro en tienda"";"""";"""";"""";"""";"""";""Shinko"";"""";"""""
"SOC. COM. SOLUCION ACTIVA LTDA.;""76156877-9"";""Cliente"";""3"";""Tienda de repuestos"";"""";"""";"""";"""";"""";"""";"""";""Retiro en tienda"";"""";"""";"""";"""";"""";""Ipone"";"""";"""""
"SOCIEDAD 4 RIDER SPA;""77612404-4"";""Cliente"";""3"";""Tienda de repuestos"";"""";"""";"""";"""";"""";"""";"""";""Retiro en tienda"";"""";"""";"""";"""";"""";""Bridgestone, Shinko"";"""";""Claudio Leclerc"""
"SOCIEDAD COMERCIAL MARQUEZ SPA;""77152847-3"";""Cliente"";""3"";""Tienda de repuestos"";"""";"""";"""";"""";"""";"""";"""";""Retiro en tienda"";"""";"""";"""";"""";"""";""Gibson"";"""";"""""
"SOCIEDAD COMERCIAL STAR OIL LIMITADA;""76943779-7"";""Cliente"";""3"";""Tienda de repuestos"";"""";"""";"""";"""";"""";"""";"""";""Retiro en tienda"";"""";"""";"""";"""";"""";""Bridgestone"";"""";"""""
"SOCIEDAD DE INVERSIONES FRC MOTOSPORE LTDA;""77679232-2"";""Cliente"";""3"";""Tienda de repuestos"";"""";"""";"""";"""";"""";"""";"""";""Retiro en tienda"";"""";"""";"""";"""";"""";""Motoz, Shinko"";"""";"""""
"SOCIEDAD DE PROCESAMIENTO DE MADERAS SAN PEDRO LIM;""76220394-4"";""Cliente"";""3"";""Tienda de repuestos"";"""";"""";"""";"""";"""";"""";"""";""Retiro en tienda"";"""";"""";"""";"""";"""";"""";"""";"""""
"SOCIEDAD DE VENTA DE ART?CULOS DEPORTIVOS SANKAYU;""76947205-3"";""Cliente"";""3"";""Tienda de repuestos"";"""";"""";"""";"""";"""";"""";"""";""Retiro en tienda"";"""";"""";"""";"""";"""";""Ipone"";"""";"""""
"SOCIEDAD EXPORTADORA VALLE DEL LIMARI LIMITADA;""77041853-4"";""Cliente"";""3"";""Tienda de repuestos"";"""";"""";"""";"""";"""";"""";"""";""Retiro en tienda"";"""";"""";"""";"""";"""";""Motoz, Monkey, Gibson"";"""";"""""
"SOCIEDAD IBACACHE-VINOLY LIMITADA;""76164969-8"";""Cliente"";""3"";""Tienda de repuestos"";"""";"""";"""";"""";"""";"""";"""";""Retiro en tienda"";"""";"""";"""";"""";"""";""Monkey"";"""";"""""
"SOCIEDAD MEJIA SPA;""76653556-9"";""Cliente"";""3"";""Tienda de repuestos"";"""";"""";"""";"""";"""";"""";"""";""Retiro en tienda"";"""";"""";"""";"""";"""";""Gibson, Ipone"";"""";""Claudio Leclerc"""
"SOCIEDAD MOTOAVENTURA LTDA;""77463360-K"";""Cliente"";""3"";""Tienda de repuestos"";"""";"""";"""";"""";"""";"""";"""";""Retiro en tienda"";"""";"""";"""";"""";"""";""Ipone, Motoz, Shinko"";"""";"""""
"SOCIEDAD MOTOS JV LTDA.;""76429577-3"";""Cliente"";""3"";""Tienda de repuestos"";"""";"""";"""";"""";"""";"""";"""";""Retiro en tienda"";"""";"""";"""";"""";"""";""Bridgestone, Ipone, Motoz, Shinko"";"""";"""""
"SOCIEDAD TOLEDO Y TOLEDO LIMITADA;""77546771-1"";""Cliente"";""3"";""Tienda de repuestos"";"""";"""";"""";"""";"""";"""";"""";""Retiro en tienda"";"""";"""";"""";"""";"""";""Ipone"";"""";"""""
"SOCIEDAD TURISTICA ADVPATAGONIA SPA;""78075803-1"";""Cliente"";""3"";""Tienda de repuestos"";"""";"""";"""";"""";"""";"""";"""";""Retiro en tienda"";"""";"""";"""";"""";"""";""Ipone"";"""";"""""
"Stephanie;""18903990-5"";""Cliente"";""3"";""Tienda de repuestos"";"""";""Magallanes"";""Punta Arenas"";"""";""Francisco Roux 0338, Punta Arenas, Magallanes"";"""";"""";""Retiro en tienda"";"""";"""";"""";"""";"""";"""";"""";"""""
"STUNTBARS SPA;""78144277-1"";""Cliente"";""3"";""Tienda de repuestos"";"""";"""";""La Reina"";""56993959004"";""Los Herreros 8752, La Reina"";"""";"""";""Retiro en tienda"";"""";"""";""Guillermo"";"""";"""";""Ipone"";"""";""Claudio Leclerc"""
"STUNTHOUSE SPA;""77427699-8"";""Cliente"";""3"";""Tienda de repuestos"";"""";""Metropolitana"";""La Reina"";""+56988032436"";""LOS EBANISTAS 8532, LA REINA, La Reina, Metropolitana"";"""";"""";""Retiro en tienda"";"""";"""";""WALTER"";"""";"""";""Ipone, Monkey"";"""";""Claudio Leclerc"""
"TALLER DE MOTOCICLETAS CESAR RAFAEL CARPIO GARCIA.;""77880966-4"";""Cliente"";""3"";""Tienda de repuestos"";"""";"""";"""";"""";"""";"""";"""";""Retiro en tienda"";"""";"""";"""";"""";"""";""Ipone"";"""";""Claudio Leclerc"""
"TALLER IGUANA MOTOS LIMITADA;""76491838-K"";""Cliente"";""3"";""Tienda de repuestos"";"""";"""";"""";"""";"""";"""";"""";""Retiro en tienda"";"""";"""";"""";"""";"""";""Ipone"";"""";"""""
"TALLER IRON CAGE SPA;""77942411-1"";""Cliente"";""3"";""Tienda de repuestos"";"""";"""";"""";"""";"""";"""";"""";""Retiro en tienda"";"""";"""";"""";"""";"""";""Ipone"";"""";"""""
"THE CLANDESTINO GARAGE SPA;""77890627-9"";""Cliente"";""3"";""Tienda de repuestos"";"""";"""";"""";"""";"""";"""";"""";""Retiro en tienda"";"""";"""";"""";"""";"""";""Bridgestone, Motoz, Shinko, Ipone, Monkey"";"""";""Sebastián Agusto"""
"TODOLED SPA;""77794535-1"";""Cliente"";""3"";""Tienda de repuestos"";"""";"""";"""";"""";"""";"""";"""";""Retiro en tienda"";"""";"""";"""";"""";"""";""Shinko"";"""";"""""
"TOMAS COOPER;""20999947-1"";""Cliente"";""3"";""Tienda de repuestos"";"""";"""";""Vitacura"";""+56982218794"";""Las hualtatas int 5415 depto 66 Región Metropolitana de Santiago Vitacura 5415, Vitacura"";"""";"""";""Retiro en tienda"";"""";"""";""TOMAS COOPER"";"""";"""";""Shinko"";"""";"""""
"TONINO MOTOS;""78978250-4"";""Cliente"";""3"";""Tienda de repuestos"";"""";"""";"""";"""";"""";"""";"""";""Retiro en tienda"";"""";"""";"""";"""";"""";""Shinko"";"""";"""""
"TOP RACING MOTORBIKE SPA;""78124301-9"";""Cliente"";""3"";""Tienda de repuestos"";"""";"""";"""";"""";"""";"""";"""";""Retiro en tienda"";"""";"""";"""";"""";"""";""Ipone, Monkey"";"""";""Claudio Leclerc"""
"TRACK MOTO CHILE SPA;""77060107-K"";""Cliente"";""3"";""Tienda de repuestos"";"""";"""";"""";"""";"""";"""";"""";""Retiro en tienda"";"""";"""";"""";"""";"""";""Monkey"";"""";"""""
"TRAIL STORE;""76839761-9"";""Cliente"";""3"";""Tienda de repuestos"";"""";"""";"""";""+56957383853"";"""";"""";"""";""Retiro en tienda"";"""";"""";"""";"""";"""";""Bridgestone"";"""";"""""
"TRANSPORTE PROCARGO SPA;""77331717-8"";""Cliente"";""3"";""Tienda de repuestos"";"""";"""";"""";"""";"""";"""";"""";""Retiro en tienda"";"""";"""";"""";"""";"""";"""";"""";"""""
"TRANSPORTE Y EVENTOS INFANTILES OMAR ISAAC VALLEJI;""76421886-8"";""Cliente"";""3"";""Tienda de repuestos"";"""";"""";"""";"""";"""";"""";"""";""Retiro en tienda"";"""";"""";"""";"""";"""";"""";"""";"""""
"TRANSPORTES KAP LIMITADA;""76190855-3"";""Cliente"";""3"";""Tienda de repuestos"";"""";"""";"""";"""";"""";"""";"""";""Retiro en tienda"";"""";"""";"""";"""";"""";"""";"""";"""""
"TRANSPORTES MUÑOZ SPA;""77441818-0"";""Cliente"";""3"";""Tienda de repuestos"";"""";"""";"""";"""";"""";"""";"""";""Retiro en tienda"";"""";"""";"""";"""";"""";"""";"""";""Sebastián Agusto"""
"TRANSPORTES MUÑOZ SPA TECNIMOTOS;""77.441.818-0"";""Cliente"";""3"";""Tienda de repuestos"";""Taller"";""Metropolitana"";""Conchali"";""+56947062025"";""NAHUELBUTA 1794, Conchali, Metropolitana"";"""";"""";""Retiro en tienda"";"""";"""";"""";"""";"""";""Ipone"";"""";"""""
"TRANSPORTES Y REPUESTOS TOWER SPA;""77990891-7"";""Cliente"";""3"";""Tienda de repuestos"";"""";"""";"""";"""";"""";"""";"""";""Retiro en tienda"";"""";"""";"""";"""";"""";""Ipone"";"""";"""""
"TRANSTIERRA SPA;""76662899-0"";""Cliente"";""3"";""Tienda de repuestos"";"""";"""";"""";"""";"""";"""";"""";""Retiro en tienda"";"""";"""";"""";"""";"""";""Gibson, GT-Oil, Ipone, Shinko"";"""";"""""
"TRINIDAD SPA;""77601828-7"";""Cliente"";""3"";""Tienda de repuestos"";"""";"""";"""";"""";"""";"""";"""";""Retiro en tienda"";"""";"""";"""";"""";"""";""Ipone"";"""";""Claudio Leclerc"""
"TRISECA MINING SPA;""76694544-9"";""Cliente"";""3"";""Tienda de repuestos"";"""";"""";"""";"""";"""";"""";"""";""Retiro en tienda"";"""";"""";"""";"""";"""";""Shinko"";"""";"""""
"TRX CHILE INVERSIONES LIMITADA;""76701802-9"";""Cliente"";""3"";""Tienda de repuestos"";"""";"""";"""";""+56988800262"";"""";"""";"""";""Retiro en tienda"";"""";"""";"""";"""";"""";"""";"""";"""""
"UTVPRO SPA;""77445482-9"";""Cliente"";""3"";""Tienda de repuestos"";"""";"""";"""";"""";"""";"""";"""";""Retiro en tienda"";"""";"""";"""";"""";"""";""Ipone, Shinko, Monkey"";"""";"""""
"VBNMEXPRESS SPA;""77993366-0"";""Cliente"";""3"";""Tienda de repuestos"";"""";"""";"""";"""";"""";"""";"""";""Retiro en tienda"";"""";"""";"""";"""";"""";""Monkey"";"""";"""""
"VENEGAS ROJAS SPA;""77819156-3"";""Cliente"";""3"";""Tienda de repuestos"";"""";"""";"""";"""";"""";"""";"""";""Retiro en tienda"";"""";"""";"""";"""";"""";"""";"""";""Sebastián Agusto"""
"VENTA REPUESTOS DE MOTOCICLETAS PAMELA ANDREA RIO.;""77381831-2"";""Cliente"";""3"";""Tienda de repuestos"";"""";"""";"""";"""";"""";"""";"""";""Retiro en tienda"";"""";"""";"""";"""";"""";""Ipone, Shinko"";"""";"""""
"VENTAS REP Y ACC Y MANTENCION VEHICULOS ALEJANDRO ALBERTO IBAÑEZ MORAN E.I.R.L.;""78.366.761-4"";""Cliente"";""3"";""Tienda de repuestos"";"""";"""";"""";""+56933664896"";"""";"""";"""";""Retiro en tienda"";"""";"""";"""";"""";"""";"""";"""";""Sebastián Agusto"""
"VENTAS REP. Y ACC. Y MANTENCION VEHICULOS ALEJANDRO ALBERTO IBAÑEZ MORAN EIRL;""78366761-4"";""Cliente"";""3"";""Tienda de repuestos"";"""";""Metropolitana"";""Pudahuel"";""+56933664896"";""AV. TENIENTE CRUZ 69, Pudahuel, Metropolitana"";"""";"""";""Retiro en tienda"";"""";"""";"""";"""";"""";""Ipone"";"""";"""""
"VENTAS Y SERVICIOS A47STORE SPA;""78111322-0"";""Cliente"";""3"";""Tienda de repuestos"";"""";"""";"""";"""";"""";"""";"""";""Retiro en tienda"";"""";"""";"""";"""";"""";""Ipone"";"""";"""""
"VICENTE ANDRES CAMPOS DIAZ DE LA VEGA;""20284478-2"";""Cliente"";""3"";""Tienda de repuestos"";"""";"""";"""";"""";"""";"""";"""";""Retiro en tienda"";"""";"""";"""";"""";"""";"""";"""";"""""
"VICENTE ANDRES COMINETTI ALLARD;""19322661-2"";""Cliente"";""3"";""Tienda de repuestos"";"""";"""";"""";"""";"""";"""";"""";""Retiro en tienda"";"""";"""";"""";"""";"""";"""";"""";"""""
"VICENTE MOTORES SPA;""77008569-1"";""Cliente"";""3"";""Tienda de repuestos"";"""";""Valparaíso"";""Los Andes"";""+56990356088"";""Las Heras 191, Los Andes, Valparaíso"";"""";"""";""Retiro en tienda"";"""";"""";""Vicente"";"""";"""";""Ipone"";"""";""Claudio Leclerc"""
"VICTOR ALEXIS INOSTROZA MELO;""16674724-4"";""Cliente"";""3"";""Tienda de repuestos"";"""";"""";"""";"""";"""";"""";"""";""Retiro en tienda"";"""";"""";"""";"""";"""";""Monkey"";"""";"""""
"VICTOR ANDRES BRAVO MARTINEZ;""17634578-0"";""Cliente"";""3"";""Tienda de repuestos"";"""";"""";"""";"""";"""";"""";"""";""Retiro en tienda"";"""";"""";"""";"""";"""";""Ipone"";"""";"""""
"VICTOR ESTEBAN GALAZ LIZANA;""19215892-3"";""Cliente"";""3"";""Tienda de repuestos"";"""";"""";"""";"""";"""";"""";"""";""Retiro en tienda"";"""";"""";"""";"""";"""";"""";"""";"""""
"VICTOR HUGO ZABALA ZABALA;""16093624-K"";""Cliente"";""3"";""Tienda de repuestos"";"""";"""";"""";"""";"""";"""";"""";""Retiro en tienda"";"""";"""";"""";"""";"""";"""";"""";""Sebastián Agusto"""
"VICTOR MANUEL POVEDA SEPULVEDA;""16940075-K"";""Cliente"";""3"";""Tienda de repuestos"";"""";"""";"""";"""";"""";"""";"""";""Retiro en tienda"";"""";"""";"""";"""";"""";"""";"""";"""""
"VILLAGRA INGENIER?A SPA;""76657662-1"";""Cliente"";""3"";""Tienda de repuestos"";"""";"""";"""";"""";"""";"""";"""";""Retiro en tienda"";"""";"""";"""";"""";"""";""Shinko"";"""";"""""
"VILLAGRA MOTOR SPA;""77877835-1"";""Cliente"";""3"";""Tienda de repuestos"";"""";"""";"""";"""";"""";"""";"""";""Retiro en tienda"";"""";"""";"""";"""";"""";""Ipone"";"""";"""""
"VINCENT YAMIL ROJAS GONZALEZ;""18278636-5"";""Cliente"";""3"";""Tienda de repuestos"";"""";"""";"""";"""";"""";"""";"""";""Retiro en tienda"";"""";"""";"""";"""";"""";""Ipone"";"""";"""""
"VRMOTORACING SPA;""78.412.847-4"";""Cliente"";""3"";""Tienda de repuestos"";"""";""Metropolitana"";""San Ramon"";""569664300990"";""PARAGUAI 1318, SAN RAMMON 0, San Ramon, Metropolitana"";"""";"""";""Retiro en tienda"";"""";"""";""YAMIL VINCENT"";"""";"""";""Ipone"";"""";""Claudio Leclerc"""
"WALTER IGNACIO FLORES MONSALVE;""15657502-K"";""Cliente"";""3"";""Tienda de repuestos"";"""";"""";"""";"""";"""";"""";"""";""Retiro en tienda"";"""";"""";"""";"""";"""";"""";"""";"""""
"WALTER MAURICIO BRENNING;""13455179-8"";""Cliente"";""3"";""Tienda de repuestos"";"""";"""";"""";"""";"""";"""";"""";""Retiro en tienda"";"""";"""";"""";"""";"""";""Shinko"";"""";"""""
"WILLIAM ROBERT WILFRED BUXTON HERNANDO;""10969343-K"";""Cliente"";""3"";""Tienda de repuestos"";"""";"""";"""";"""";"""";"""";"""";""Retiro en tienda"";"""";"""";"""";"""";"""";""Shinko"";"""";"""""
"WILLIAM ROBERTO BUSTOS LEIVA;""17448729-4"";""Cliente"";""3"";""Tienda de repuestos"";"""";"""";"""";"""";"""";"""";"""";""Retiro en tienda"";"""";"""";"""";"""";"""";""Ipone"";"""";"""""
"WILLIAMSON BALFOUR MOTORS SPA;""96695420-5"";""Cliente"";""3"";""Tienda de repuestos"";"""";"""";"""";"""";"""";"""";"""";""Retiro en tienda"";"""";"""";"""";"""";"""";""Bridgestone"";"""";"""""
"WITT Y WITT LIMITADA;""76377785-5"";""Cliente"";""3"";""Tienda de repuestos"";"""";"""";"""";"""";"""";"""";"""";""Retiro en tienda"";"""";"""";"""";"""";"""";""Motoz"";"""";"""""
"WLACAR SPA;""76625935-9"";""Cliente"";""3"";""Tienda de repuestos"";"""";"""";"""";"""";"""";"""";"""";""Retiro en tienda"";"""";"""";"""";"""";"""";""GT-Oil, Ipone, Monkey"";"""";"""""
"XIMENA ANDREA CANCINO HIDALGO;""16480234-5"";""Cliente"";""3"";""Tienda de repuestos"";"""";"""";"""";"""";"""";"""";"""";""Retiro en tienda"";"""";"""";"""";"""";"""";"""";"""";"""""
"XTREAMEMOTORS SPA;""78086307-2"";""Cliente"";""3"";""Tienda de repuestos"";"""";"""";"""";"""";"""";"""";"""";""Retiro en tienda"";"""";"""";"""";"""";"""";""Ipone"";"""";"""""
"YBAR GARCELAN SOTO PIZARRO;""17385636-9"";""Cliente"";""3"";""Tienda de repuestos"";"""";"""";"""";"""";"""";"""";"""";""Retiro en tienda"";"""";"""";"""";"""";"""";""Shinko"";"""";"""""
"YEIDER ENRIQUE NUNEZ SANDOVAL;""27016169-3"";""Cliente"";""3"";""Tienda de repuestos"";"""";"""";"""";"""";"""";"""";"""";""Retiro en tienda"";"""";"""";"""";"""";"""";""Ipone"";"""";""Sebastián Agusto"""
"Yocars;""77234007-9"";""Cliente"";""3"";""Tienda de repuestos"";""Tienda"";"""";""Quinta Normal"";""+56 9 85269463"";""LOPE DE ULLOA 1799, Quinta Normal"";"""";"""";""Retiro en tienda"";"""";"""";""CARLOS"";"""";"""";"""";"""";"""""
"YUDITH FERNANDA FIGUEROA ERICES;""20095342-8"";""Cliente"";""3"";""Tienda de repuestos"";"""";"""";"""";"""";"""";"""";"""";""Retiro en tienda"";"""";"""";"""";"""";"""";""Gibson"";"""";"""""
"ZAGREB SPA;""76202606-6"";""Cliente"";""3"";""Tienda de repuestos"";"""";"""";"""";"""";"""";"""";"""";""Retiro en tienda"";"""";"""";"""";"""";"""";""Motoz, Shinko, Monkey, Bridgestone, Gibson, Ipone"";"""";"""""
"ZONA MX CHILE SPA;""78383199-6"";""Cliente"";""3"";""Tienda de repuestos"";"""";"""";"""";"""";"""";"""";"""";""Retiro en tienda"";"""";"""";"""";"""";"""";"""";"""";"""""
"La Baliza Suc.;""77.890.216-K"";""Prospecto"";""3"";""Tienda de repuestos"";"""";"""";""Pte. Alto"";"""";""Gabriela Poniente 713, Pte. Alto"";"""";"""";""Retiro en tienda"";"""";"""";""Alfonso"";"""";"""";"""";"""";""Claudio Leclerc"""
"Assem Motos;"""";""Prospecto"";""3"";""Tienda de repuestos"";"""";"""";""San Joaquin"";""56 9 20858915"";""Salvador Allende 214, San Joaquin"";"""";"""";""Retiro en tienda"";"""";"""";""Martin"";"""";"""";"""";"""";""Claudio Leclerc"""
"El Chema;""77.880.447-8"";""Prospecto"";""3"";""Tienda de repuestos"";"""";""Metropolitana"";""Las Condes"";""56 9 85969649"";""Los Militares5620 of. 905, Las Condes, Metropolitana"";"""";"""";""Retiro en tienda"";"""";"""";""David Olguin"";"""";"""";"""";"""";""Claudio Leclerc"""
"Lubricentro G&M;"""";""Prospecto"";""3"";""Tienda de repuestos"";"""";"""";""Padre Hurtado"";""56 9 54885533"";""Brasilia 2414 Local B, Padre Hurtado"";"""";"""";""Retiro en tienda"";"""";"""";""Eduardo Gomez"";"""";"""";"""";"""";""Claudio Leclerc"""
"Red bickers;"""";""Prospecto"";""3"";""Tienda de repuestos"";"""";""Valparaíso"";""Viña"";"""";""13 NORTE 1186, Viña, Valparaíso"";"""";"""";""Retiro en tienda"";"""";"""";""Claudia"";"""";"""";"""";"""";""Claudio Leclerc"""
"All Motos;"""";""Prospecto"";""3"";""Tienda de repuestos"";"""";""Valparaíso"";""Valparaiso"";""993138646"";""Avda Argentina 827, Valparaiso, Valparaíso"";"""";"""";""Retiro en tienda"";"""";"""";""Geselle"";"""";"""";"""";"""";""Claudio Leclerc"""
"Zona Bikers;"""";""Lead"";""3"";""Tienda de repuestos"";"""";""Valparaíso"";""Viña"";""996091192"";""San Antonio 1159, Viña, Valparaíso"";"""";"""";""Retiro en tienda"";"""";"""";""Enrique"";"""";"""";"""";"""";""Claudio Leclerc"""
"Vivescooter;"""";""Prospecto"";""3"";""Tienda de repuestos"";"""";""Valparaíso"";""Viña"";""963385330"";""San Martin 458 L.15, Viña, Valparaíso"";"""";"""";""Retiro en tienda"";"""";"""";""Alberto"";"""";"""";"""";"""";""Claudio Leclerc"""
"Motosblott;"""";""Prospecto"";""3"";""Tienda de repuestos"";"""";""Valparaíso"";""Viña"";""973618954"";""Avda Concon 1616, Viña, Valparaíso"";"""";"""";""Retiro en tienda"";"""";"""";""Andreina"";"""";"""";"""";"""";""Claudio Leclerc"""
"VZ Motos;"""";""Prospecto"";""3"";""Tienda de repuestos"";"""";""Valparaíso"";""Reñaca"";""971519361"";""Avda. Borgoño 14191, Reñaca, Valparaíso"";"""";"""";""Retiro en tienda"";"""";"""";""Abril"";"""";"""";"""";"""";""Claudio Leclerc"""
"Moto Val;"""";""Prospecto"";""3"";""Tienda de repuestos"";"""";"""";""Valpo"";""984963923"";""Independencia 3062, Valpo"";"""";"""";""Retiro en tienda"";"""";"""";""Carlos"";"""";"""";"""";"""";""Claudio Leclerc"""
"Mach Motos;"""";""Prospecto"";""3"";""Tienda de repuestos"";"""";""Valparaíso"";""Viña"";""32 3148166"";""4 oriente 1264, Viña, Valparaíso"";"""";"""";""Retiro en tienda"";"""";"""";"""";"""";"""";"""";"""";""Claudio Leclerc"""
"Motor bike store Spa.;""77.673.593-0"";""Prospecto"";""3"";""Tienda de repuestos"";"""";"""";""La Ligua"";"""";""Esmeralda 103, La Ligua"";"""";"""";""Retiro en tienda"";"""";"""";"""";"""";"""";"""";"""";""Claudio Leclerc"""
"Natalia Varas Acuña;""19.071.272-9"";""Prospecto"";""3"";""Tienda de repuestos"";"""";"""";""Cabildo"";"""";""Ferrocarril 700, Cabildo"";"""";"""";""Retiro en tienda"";"""";"""";""Natalia"";"""";"""";"""";"""";""Claudio Leclerc"""
"Grunefeld;"""";""Prospecto"";""3"";""Tienda de repuestos"";"""";"""";""La Calera"";""983182144"";""Josefina 226, La Calera"";"""";"""";""Retiro en tienda"";"""";"""";""Javier Grunefeld"";"""";"""";"""";"""";""Claudio Leclerc"""
"Comercial Grunefeld;""77.308.687-9"";""Prospecto"";""3"";""Tienda de repuestos"";"""";"""";""San Felipe"";""983182144"";""Chacabuco 277, San Felipe"";"""";"""";""Retiro en tienda"";"""";"""";""Max Grunefeld"";"""";"""";"""";"""";""Claudio Leclerc"""
"Lorena  Pereira;""15.066.279-6"";""Prospecto"";""3"";""Tienda de repuestos"";"""";"""";""San Felipe"";"""";""Arturo Prat 1152, San Felipe"";"""";"""";""Retiro en tienda"";"""";"""";""Elena Pereira"";"""";"""";"""";"""";""Claudio Leclerc"""
"Azor Motor's;"""";""Lead"";""3"";""Tienda de repuestos"";"""";""Metropolitana"";""Estación Central"";"""";"""";"""";"""";""Retiro en tienda"";"""";"""";"""";"""";"""";"""";"""";""Sebastián Agusto"""
"NW Motos;"""";""Prospecto"";""3"";""Tienda de repuestos"";"""";""Metropolitana"";""Estación Central"";"""";"""";"""";"""";""Retiro en tienda"";"""";"""";"""";"""";"""";"""";"""";""Sebastián Agusto"""
"Repuestos para Motos;"""";""Lead"";""3"";""Tienda de repuestos"";"""";""Metropolitana"";""Estación Central"";"""";"""";"""";"""";""Retiro en tienda"";"""";"""";"""";"""";"""";"""";"""";""Sebastián Agusto"""
"Taller Moto;"""";""Prospecto"";""3"";""Tienda de repuestos"";"""";""Metropolitana"";""Estación Central"";""56992215389"";"""";"""";"""";""Retiro en tienda"";"""";"""";"""";"""";"""";"""";"""";""Sebastián Agusto"""
"Zeta Motos;"""";""Prospecto"";""3"";""Tienda de repuestos"";"""";""Metropolitana"";""Estación Central"";"""";"""";"""";"""";""Retiro en tienda"";"""";"""";"""";"""";"""";"""";"""";""Sebastián Agusto"""
"Zona Rider;"""";""Prospecto"";""3"";""Tienda de repuestos"";"""";""Metropolitana"";""Estación Central"";""56937290201"";"""";"""";"""";""Retiro en tienda"";"""";"""";"""";"""";"""";"""";"""";""Sebastián Agusto"""
"FMotors;"""";""Prospecto"";""3"";""Tienda de repuestos"";"""";""Metropolitana"";""La Florida"";""56979965702"";"""";"""";"""";""Retiro en tienda"";"""";"""";"""";"""";"""";"""";"""";""Sebastián Agusto"""
"Ghost Racing;"""";""Prospecto"";""3"";""Tienda de repuestos"";"""";""Metropolitana"";""La Florida"";""56975899791"";"""";"""";"""";""Retiro en tienda"";"""";"""";"""";"""";"""";"""";"""";""Sebastián Agusto"""
"JMD Motos;"""";""Prospecto"";""3"";""Tienda de repuestos"";"""";""Metropolitana"";""La Florida"";""56932658009"";"""";"""";"""";""Retiro en tienda"";"""";"""";"""";"""";"""";"""";"""";""Sebastián Agusto"""
"Lubri Motos AG;"""";""Prospecto"";""3"";""Tienda de repuestos"";"""";""Metropolitana"";""La Florida"";""56959898434"";"""";"""";"""";""Retiro en tienda"";"""";"""";"""";"""";"""";"""";"""";""Sebastián Agusto"""
"Moto Pasión JM;"""";""Lead"";""3"";""Tienda de repuestos"";"""";""Metropolitana"";""La Florida"";""56966327888"";"""";"""";"""";""Retiro en tienda"";"""";"""";"""";"""";"""";"""";"""";""Sebastián Agusto"""
"Motos Colombia;"""";""Prospecto"";""3"";""Tienda de repuestos"";"""";""Metropolitana"";""La Florida"";""56952158485"";"""";"""";"""";""Retiro en tienda"";"""";"""";"""";"""";"""";"""";"""";""Sebastián Agusto"""
"Oasis Motos;"""";""Prospecto"";""3"";""Tienda de repuestos"";"""";""Metropolitana"";""La Florida"";""56953809490"";"""";"""";"""";""Retiro en tienda"";"""";"""";"""";"""";"""";"""";"""";""Sebastián Agusto"""
"Patito Motos;""76986442-3"";""Cliente"";""3"";""Tienda de repuestos"";"""";""Metropolitana"";""La Florida"";""56945089926"";"""";"""";"""";""Retiro en tienda"";"""";"""";"""";"""";"""";"""";"""";""Sebastián Agusto"""
"Redmotos;"""";""Prospecto"";""3"";""Tienda de repuestos"";"""";""Metropolitana"";""La Florida"";""2233154894"";"""";"""";"""";""Retiro en tienda"";"""";"""";"""";"""";"""";"""";"""";""Sebastián Agusto"""
"Top Line;"""";""Lead"";""3"";""Tienda de repuestos"";"""";""Metropolitana"";""La Florida"";""56985057073"";"""";"""";"""";""Retiro en tienda"";"""";"""";"""";"""";"""";"""";"""";""Sebastián Agusto"""
"Zona Motos Pro;""Perdi el rut"";""Cliente"";""3"";""Tienda de repuestos"";"""";""Metropolitana"";""La Florida"";""56950764182"";"""";"""";"""";""Retiro en tienda"";"""";"""";"""";"""";"""";"""";"""";""Sebastián Agusto"""
"JYC Motors;"""";""Prospecto"";""3"";""Tienda de repuestos"";"""";"""";""Lo Prado"";""56994345489"";"""";"""";"""";""Retiro en tienda"";"""";"""";"""";"""";"""";"""";"""";""Sebastián Agusto"""
"Cano Motor Bikes;"""";""Prospecto"";""3"";""Tienda de repuestos"";"""";""Metropolitana"";""Maipú"";""56986966837"";"""";"""";"""";""Retiro en tienda"";"""";"""";"""";"""";"""";"""";"""";""Sebastián Agusto"""
"Infinity Motors;"""";""Prospecto"";""3"";""Tienda de repuestos"";"""";""Metropolitana"";""Maipú"";""56982253279"";"""";"""";"""";""Retiro en tienda"";"""";"""";"""";"""";"""";"""";"""";""Sebastián Agusto"""
"La Casa del Auto;"""";""Prospecto"";""3"";""Tienda de repuestos"";"""";""Metropolitana"";""Maipú"";""56940957440"";"""";"""";"""";""Retiro en tienda"";"""";"""";"""";"""";"""";"""";"""";""Sebastián Agusto"""
"Lubricentro Don Luis;"""";""Prospecto"";""3"";""Tienda de repuestos"";"""";""Metropolitana"";""Maipú"";""56946198820"";"""";"""";"""";""Retiro en tienda"";"""";"""";"""";"""";"""";"""";"""";""Sebastián Agusto"""
"Pedro DyD Motos;"""";""Prospecto"";""3"";""Tienda de repuestos"";"""";""Metropolitana"";""Maipú"";"""";"""";"""";"""";""Retiro en tienda"";"""";"""";"""";"""";"""";"""";"""";""Sebastián Agusto"""
"Stop Bike;"""";""Prospecto"";""3"";""Tienda de repuestos"";"""";""Metropolitana"";""Maipú"";""56957256433"";"""";"""";"""";""Retiro en tienda"";"""";"""";"""";"""";"""";"""";"""";""Sebastián Agusto"""
"Taller de Motos Román;"""";""Prospecto"";""3"";""Tienda de repuestos"";"""";""Metropolitana"";""Maipú"";""56956939900"";"""";"""";"""";""Retiro en tienda"";"""";"""";"""";"""";"""";"""";"""";""Sebastián Agusto"""
"Taller Motocicletas Borgoño;"""";""Prospecto"";""3"";""Tienda de repuestos"";"""";""Metropolitana"";""Maipú"";"""";"""";"""";"""";""Retiro en tienda"";"""";"""";"""";"""";"""";"""";"""";""Sebastián Agusto"""
"Wolff Biker;"""";""Prospecto"";""3"";""Tienda de repuestos"";"""";""Metropolitana"";""Maipú"";""56986922691"";"""";"""";"""";""Retiro en tienda"";"""";"""";"""";"""";"""";"""";"""";""Sebastián Agusto"""
"Motos Leo;"""";""Prospecto"";""3"";""Tienda de repuestos"";"""";""Metropolitana"";""Pudahuel"";""56974012012"";"""";"""";"""";""Retiro en tienda"";"""";"""";"""";"""";"""";"""";"""";""Sebastián Agusto"""
"Taller Arias Performance;"""";""Prospecto"";""3"";""Tienda de repuestos"";"""";""Metropolitana"";""Pudahuel"";"""";"""";"""";"""";""Retiro en tienda"";"""";"""";"""";"""";"""";"""";"""";""Sebastián Agusto"""
"Taller Montero;"""";""Prospecto"";""3"";""Tienda de repuestos"";"""";""Metropolitana"";""Pudahuel"";""56959906039"";"""";"""";"""";""Retiro en tienda"";"""";"""";"""";"""";"""";"""";"""";""Sebastián Agusto"""
"Markos Motos;"""";""Prospecto"";""3"";""Tienda de repuestos"";"""";"""";""Cerro Navia"";""56991994058"";"""";"""";"""";""Retiro en tienda"";"""";"""";"""";"""";"""";"""";"""";""Sebastián Agusto"""
"Arenita Motos;"""";""Lead"";""3"";""Tienda de repuestos"";"""";""Metropolitana"";""Quilicura"";""56967595765"";"""";"""";"""";""Retiro en tienda"";"""";"""";"""";"""";"""";"""";"""";""Sebastián Agusto"""
"Whorkshop Motorcycle;""perdi contacto"";""Cliente"";""3"";""Tienda de repuestos"";"""";""Metropolitana"";""Quilicura"";""perdi numero"";"""";"""";"""";""Retiro en tienda"";"""";"""";"""";"""";"""";"""";"""";""Sebastián Agusto"""
"C&M Motos;"""";""Prospecto"";""3"";""Tienda de repuestos"";"""";"""";""Quinta Normal"";""56995050550"";"""";"""";"""";""Retiro en tienda"";"""";"""";"""";"""";"""";"""";"""";""Sebastián Agusto"""
"JM Caracas;"""";""Lead"";""3"";""Tienda de repuestos"";"""";"""";""Quinta Normal"";""56984738329"";"""";"""";"""";""Retiro en tienda"";"""";"""";"""";"""";"""";"""";"""";""Sebastián Agusto"""
"Star Motos;"""";""Prospecto"";""3"";""Tienda de repuestos"";"""";"""";""Quinta Normal"";""56944252629"";"""";"""";"""";""Retiro en tienda"";"""";"""";"""";"""";"""";"""";"""";""Sebastián Agusto"""
"Taller Rally Motos;"""";""Prospecto"";""3"";""Tienda de repuestos"";"""";"""";""Quinta Normal"";""Perdi el numero"";"""";"""";"""";""Retiro en tienda"";"""";"""";"""";"""";"""";"""";"""";""Sebastián Agusto"""
"Rram Motos;"""";""Prospecto"";""3"";""Tienda de repuestos"";"""";""Metropolitana"";""Recoleta"";""56993221804"";"""";"""";"""";""Retiro en tienda"";"""";"""";"""";"""";"""";"""";"""";""Sebastián Agusto"""
"R85 Motos;"""";""Prospecto"";""3"";""Tienda de repuestos"";"""";""Metropolitana"";""Puente Alto"";""56995011591"";"""";"""";"""";""Retiro en tienda"";"""";"""";"""";"""";"""";"""";"""";""Sebastián Agusto"""
"Fenixmotos;""77263771-3"";""Cliente"";""3"";""Tienda de repuestos"";"""";"""";""La Pintana"";""56936211549"";"""";"""";"""";""Retiro en tienda"";"""";"""";"""";"""";"""";"""";"""";""Sebastián Agusto"""
"En Ruta Store;"""";""Prospecto"";""3"";""Tienda de repuestos"";"""";"""";""Pedro Aguirre Cerda"";""56975108934"";"""";"""";"""";""Retiro en tienda"";"""";"""";"""";"""";"""";"""";"""";""Sebastián Agusto"""
"Full Cars;""Perdi el rut"";""Cliente"";""3"";""Tienda de repuestos"";"""";"""";""Huechuraba"";""56944757888"";"""";"""";"""";""Retiro en tienda"";"""";"""";"""";"""";"""";"""";"""";""Sebastián Agusto"""
"biker +58;"""";""Prospecto"";""3"";""Tienda de repuestos"";"""";"""";""Peñaflor"";""56952293806"";"""";"""";"""";""Retiro en tienda"";"""";"""";"""";"""";"""";"""";"""";""Sebastián Agusto"""
"Moto Performance;""77.222.438-9"";""Prospecto"";""3"";""Tienda de repuestos"";"""";""Biobío"";""Concepción"";""56 9 32562348"";""Maipu 941, Concepción, Biobío"";"""";"""";""Retiro en tienda"";"""";"""";""Victor Araneda"";"""";"""";"""";"""";""Claudio Leclerc"""
"Yandel Spa;""77.574.103-3"";""Prospecto"";""3"";""Tienda de repuestos"";"""";""Biobío"";""Concepción"";""56 9 40348133"";""Orompello 770, Concepción, Biobío"";"""";"""";""Retiro en tienda"";"""";"""";""Yoiner Aular"";"""";"""";"""";"""";""Claudio Leclerc"""
"Crazy Motos;"""";""Prospecto"";""3"";""Tienda de repuestos"";"""";""Biobío"";""Concepción"";""56 9 50711691"";"""";"""";"""";""Retiro en tienda"";"""";"""";"""";"""";"""";"""";"""";""Claudio Leclerc"""
